cod_muni;cod_depto;depto_origen;muni_origen;lat;lon
05001;05;ANTIOQUIA;MEDELLÍN;6.2697324;-75.6025597
05002;05;ANTIOQUIA;ABEJORRAL;5.7914299;-75.4270381
05004;05;ANTIOQUIA;ABRIAQUÍ;6.631864;-76.0645258
05021;05;ANTIOQUIA;ALEJANDRÍA;6.3769175;-75.1411601
05030;05;ANTIOQUIA;AMAGÁ;6.0406977;-75.7030694
05031;05;ANTIOQUIA;AMALFI;6.9070097;-75.0735908
05034;05;ANTIOQUIA;ANDES;5.6556134;-75.8776753
05036;05;ANTIOQUIA;ANGELÓPOLIS;6.1115405;-75.7102848
05038;05;ANTIOQUIA;ANGOSTURA;6.8858191;-75.3349565
05040;05;ANTIOQUIA;ANORÍ;7.0736127;-75.1466433
05042;05;ANTIOQUIA;SANTA FÉ DE ANTIOQUIA;6.5401946;-75.9159851
05044;05;ANTIOQUIA;ANZÁ;6.3034529;-75.8540836
05045;05;ANTIOQUIA;APARTADÓ;7.8849011;-76.6227461
05051;05;ANTIOQUIA;ARBOLETES;8.8528266;-76.4273168
05055;05;ANTIOQUIA;ARGELIA;5.7310785;-75.1428525
05059;05;ANTIOQUIA;ARMENIA;6.1561777;-75.7870472
05079;05;ANTIOQUIA;BARBOSA;6.4370185;-75.3313779
05086;05;ANTIOQUIA;BELMIRA;6.606779;-75.667459
05088;05;ANTIOQUIA;BELLO;6.334997;-75.5582665
05091;05;ANTIOQUIA;BETANIA;5.7451779;-75.9768362
05093;05;ANTIOQUIA;BETULIA;6.1134294;-75.9845433
05101;05;ANTIOQUIA;CIUDAD BOLÍVAR;5.8500342;-76.0208666
05107;05;ANTIOQUIA;BRICEÑO;7.1231235;-75.5818421
05113;05;ANTIOQUIA;BURITICÁ;6.719853;-75.9068707
05120;05;ANTIOQUIA;CÁCERES;7.577089;-75.3514383
05125;05;ANTIOQUIA;CAICEDO;6.405955;-75.9825592
05129;05;ANTIOQUIA;CALDAS;6.0918609;-75.6356917
05134;05;ANTIOQUIA;CAMPAMENTO;6.9790857;-75.2963715
05138;05;ANTIOQUIA;CAÑASGORDAS;6.7519854;-76.0261638
05142;05;ANTIOQUIA;CARACOLÍ;6.4092756;-74.7566979
05145;05;ANTIOQUIA;CARAMANTA;5.5487065;-75.6444056
05147;05;ANTIOQUIA;CAREPA;7.7984516;-76.7460389
05148;05;ANTIOQUIA;EL CARMEN DE VIBORAL;6.0833063;-75.3353501
05150;05;ANTIOQUIA;CAROLINA;7.1050317;-75.3869174
05154;05;ANTIOQUIA;CAUCASIA;7.9877579;-75.1983745
05172;05;ANTIOQUIA;CHIGORODÓ;7.6129384;-76.638426
05190;05;ANTIOQUIA;CISNEROS;6.5382418;-75.0871316
05197;05;ANTIOQUIA;COCORNÁ;6.0580111;-75.1859102
05206;05;ANTIOQUIA;CONCEPCIÓN;6.3953198;-75.259323
05209;05;ANTIOQUIA;CONCORDIA;6.0457595;-75.9074199
05212;05;ANTIOQUIA;COPACABANA;6.3461047;-75.5080262
05234;05;ANTIOQUIA;DABEIBA;7.0015209;-76.2666243
05237;05;ANTIOQUIA;DONMATÍAS;6.4862703;-75.3946313
05240;05;ANTIOQUIA;EBÉJICO;6.3265312;-75.7685045
05250;05;ANTIOQUIA;EL BAGRE;7.5989686;-74.8046507
05264;05;ANTIOQUIA;ENTRERRÍOS;6.5915992;-75.5622405
05266;05;ANTIOQUIA;ENVIGADO;6.1701348;-75.587415
05282;05;ANTIOQUIA;FREDONIA;5.9270644;-75.6718221
05284;05;ANTIOQUIA;FRONTINO;6.7721761;-76.1311575
05306;05;ANTIOQUIA;GIRALDO;6.6804539;-75.95338
05308;05;ANTIOQUIA;GIRARDOTA;6.3773809;-75.4459762
05310;05;ANTIOQUIA;GÓMEZ PLATA;6.6815224;-75.2194104
05313;05;ANTIOQUIA;GRANADA;6.1442998;-75.1844057
05315;05;ANTIOQUIA;GUADALUPE;6.8149918;-75.2403991
05318;05;ANTIOQUIA;GUARNE;6.2800171;-75.4426875
05321;05;ANTIOQUIA;GUATAPÉ;6.2342179;-75.1617452
05347;05;ANTIOQUIA;HELICONIA;6.2076404;-75.7339685
05353;05;ANTIOQUIA;HISPANIA;5.799535;-75.9073763
05360;05;ANTIOQUIA;ITAGÜÍ;6.1724352;-75.6093254
05361;05;ANTIOQUIA;ITUANGO;7.1723319;-75.7640925
05364;05;ANTIOQUIA;JARDÍN;5.5990503;-75.8191833
05368;05;ANTIOQUIA;JERICÓ;5.7914622;-75.7862133
05376;05;ANTIOQUIA;LA CEJA;6.0309532;-75.4316155
05380;05;ANTIOQUIA;LA ESTRELLA;6.1576781;-75.6433878
05390;05;ANTIOQUIA;LA PINTADA;5.7466446;-75.6054273
05400;05;ANTIOQUIA;LA UNIÓN;5.9737744;-75.3613093
05411;05;ANTIOQUIA;LIBORINA;6.6781311;-75.8112309
05425;05;ANTIOQUIA;MACEO;6.5535012;-74.7877474
05440;05;ANTIOQUIA;MARINILLA;6.1736417;-75.3346548
05467;05;ANTIOQUIA;MONTEBELLO;5.9458633;-75.5246825
05480;05;ANTIOQUIA;MUTATÁ;7.2440678;-76.436542
05483;05;ANTIOQUIA;NARIÑO;5.5520333;-75.1917235
05490;05;ANTIOQUIA;NECOCLÍ;8.4242821;-76.784019
05495;05;ANTIOQUIA;NECHÍ;8.0938077;-74.7751988
05501;05;ANTIOQUIA;OLAYA;6.6281792;-75.8123079
05541;05;ANTIOQUIA;PEÑOL;6.2187927;-75.2432026
05543;05;ANTIOQUIA;PEQUE;7.0216424;-75.9095164
05576;05;ANTIOQUIA;PUEBLORRICO;5.8194403;-75.8592985
05579;05;ANTIOQUIA;PUERTO BERRÍO;6.4899205;-74.4020634
05585;05;ANTIOQUIA;PUERTO NARE;6.1876653;-74.5828711
05591;05;ANTIOQUIA;PUERTO TRIUNFO;5.8689335;-74.6407965
05604;05;ANTIOQUIA;REMEDIOS;7.0285327;-74.695191
05607;05;ANTIOQUIA;RETIRO;6.496713;-76.3990422
05615;05;ANTIOQUIA;RIONEGRO;6.1536166;-75.3741691
05628;05;ANTIOQUIA;SABANALARGA;6.848687;-75.8166534
05631;05;ANTIOQUIA;SABANETA;6.1515344;-75.6153715
05642;05;ANTIOQUIA;SALGAR;5.9631358;-75.9791386
05647;05;ANTIOQUIA;SAN ANDRÉS DE CUERQUÍA;6.9148672;-75.6764208
05649;05;ANTIOQUIA;SAN CARLOS;6.1908026;-74.9437879
05652;05;ANTIOQUIA;SAN FRANCISCO;5.8787216;-74.9611669
05656;05;ANTIOQUIA;SAN JERÓNIMO;6.4427228;-75.727937
05658;05;ANTIOQUIA;SAN JOSÉ DE LA MONTAÑA;6.8169298;-75.6756064
05659;05;ANTIOQUIA;SAN JUAN DE URABÁ;8.7609887;-76.5283566
05660;05;ANTIOQUIA;SAN LUIS;6.0428128;-74.9944061
05664;05;ANTIOQUIA;SAN PEDRO DE LOS MILAGROS;6.4618141;-75.5560645
05665;05;ANTIOQUIA;SAN PEDRO DE URABÁ;8.2778883;-76.3830793
05667;05;ANTIOQUIA;SAN RAFAEL;6.2954934;-75.0280123
05670;05;ANTIOQUIA;SAN ROQUE;6.4851146;-75.0195044
05674;05;ANTIOQUIA;SAN VICENTE FERRER;6.2826782;-75.3318244
05679;05;ANTIOQUIA;SANTA BÁRBARA;5.8743766;-75.5679573
05686;05;ANTIOQUIA;SANTA ROSA DE OSOS;6.6453171;-75.4614576
05690;05;ANTIOQUIA;SANTO DOMINGO;6.471221;-75.1643724
05697;05;ANTIOQUIA;EL SANTUARIO;6.1221525;-75.2653958
05736;05;ANTIOQUIA;SEGOVIA;7.081679;-74.7009089
05756;05;ANTIOQUIA;SONSÓN;5.7106659;-75.3103532
05761;05;ANTIOQUIA;SOPETRÁN;6.5009582;-75.7424979
05789;05;ANTIOQUIA;TÁMESIS;5.6653183;-75.7139734
05790;05;ANTIOQUIA;TARAZÁ;7.5804751;-75.3998498
05792;05;ANTIOQUIA;TARSO;5.864064;-75.8217932
05809;05;ANTIOQUIA;TITIRIBÍ;6.0633763;-75.79373
05819;05;ANTIOQUIA;TOLEDO;7.0109536;-75.6921058
05837;05;ANTIOQUIA;TURBO;8.0952972;-76.7289956
05842;05;ANTIOQUIA;URAMITA;6.8993072;-76.1742258
05847;05;ANTIOQUIA;URRAO;6.3168685;-76.1344983
05854;05;ANTIOQUIA;VALDIVIA;7.165519;-75.438614
05856;05;ANTIOQUIA;VALPARAÍSO;5.6153841;-75.6247028
05858;05;ANTIOQUIA;VEGACHÍ;6.8613372;-74.7234644
05861;05;ANTIOQUIA;VENECIA;5.9635386;-75.7339175
05885;05;ANTIOQUIA;YALÍ;6.675426;-74.84226
05887;05;ANTIOQUIA;YARUMAL;6.9625927;-75.4165529
05890;05;ANTIOQUIA;YOLOMBÓ;6.5981185;-75.0108088
05893;05;ANTIOQUIA;YONDÓ;7.0044426;-73.9113922
05895;05;ANTIOQUIA;ZARAGOZA;7.4925154;-74.8682314
08001;08;ATLÁNTICO;BARRANQUILLA;10.9938599;-74.7926118
08078;08;ATLÁNTICO;BARANOA;10.7935694;-74.9152436
08137;08;ATLÁNTICO;CAMPO DE LA CRUZ;10.380131;-74.8810622
08141;08;ATLÁNTICO;CANDELARIA;10.4596531;-74.8803211
08296;08;ATLÁNTICO;GALAPA;10.8994371;-74.8864007
08372;08;ATLÁNTICO;JUAN DE ACOSTA;10.8291974;-75.0347039
08421;08;ATLÁNTICO;LURUACO;10.6104147;-75.1427518
08433;08;ATLÁNTICO;MALAMBO;10.8653387;-74.7746194
08436;08;ATLÁNTICO;MANATÍ;10.4470319;-74.9594166
08520;08;ATLÁNTICO;PALMAR DE VARELA;10.7410093;-74.7534259
08549;08;ATLÁNTICO;PIOJÓ;10.7483504;-75.1081639
08558;08;ATLÁNTICO;POLONUEVO;10.7582877;-74.8627369
08560;08;ATLÁNTICO;PONEDERA;10.6396006;-74.7501675
08573;08;ATLÁNTICO;PUERTO COLOMBIA;10.9891292;-74.955414
08606;08;ATLÁNTICO;REPELÓN;10.4950081;-75.1244823
08634;08;ATLÁNTICO;SABANAGRANDE;10.8040818;-74.774451
08638;08;ATLÁNTICO;SABANALARGA;10.6307159;-74.9209378
08675;08;ATLÁNTICO;SANTA LUCÍA;10.3244398;-74.9610815
08685;08;ATLÁNTICO;SANTO TOMÁS;10.760241;-74.7561781
08758;08;ATLÁNTICO;SOLEDAD;10.9149593;-74.7821054
08770;08;ATLÁNTICO;SUAN;10.3047332;-74.9140346
08832;08;ATLÁNTICO;TUBARÁ;10.8740849;-74.9779428
08849;08;ATLÁNTICO;USIACURÍ;10.7423787;-74.9778586
11001;11;BOGOTÁ, D.C.;BOGOTÁ, D.C.;4.6533817;-74.0836331
13001;13;BOLÍVAR;CARTAGENA DE INDIAS;10.4265566;-75.5441671
13006;13;BOLÍVAR;ACHÍ;8.5689588;-74.5557643
13030;13;BOLÍVAR;ALTOS DEL ROSARIO;8.7920971;-74.1639876
13042;13;BOLÍVAR;ARENAL;8.4593685;-73.9429805
13052;13;BOLÍVAR;ARJONA;10.2534632;-75.3427213
13062;13;BOLÍVAR;ARROYOHONDO;10.2440244;-75.028327
13074;13;BOLÍVAR;BARRANCO DE LOBA;8.944353;-74.1058201
13140;13;BOLÍVAR;CALAMAR;10.2526122;-74.9146691
13160;13;BOLÍVAR;CANTAGALLO;7.3780007;-73.9150265
13188;13;BOLÍVAR;CICUCO;9.2771231;-74.6436562
13212;13;BOLÍVAR;CÓRDOBA;9.5244165;-74.8780482
13222;13;BOLÍVAR;CLEMENCIA;10.5618048;-75.3295539
13244;13;BOLÍVAR;EL CARMEN DE BOLÍVAR;9.7169432;-75.1221847
13248;13;BOLÍVAR;EL GUAMO;10.0312607;-74.9754413
13300;13;BOLÍVAR;HATILLO DE LOBA;8.9566235;-74.0770262
13430;13;BOLÍVAR;MAGANGUÉ;9.2412097;-74.7567413
13433;13;BOLÍVAR;MAHATES;10.234262;-75.186894
13440;13;BOLÍVAR;MARGARITA;9.0574428;-74.2208949
13442;13;BOLÍVAR;MARÍA LA BAJA;9.9840479;-75.3019515
13458;13;BOLÍVAR;MONTECRISTO;7.9305784;-74.4074397
13468;13;BOLÍVAR;MOMPÓS;9.2415432;-74.4251072
13473;13;BOLÍVAR;MORALES;8.2763913;-73.8680272
13549;13;BOLÍVAR;PINILLOS;8.8647577;-74.4050555
13580;13;BOLÍVAR;REGIDOR;8.6650933;-73.8224537
13600;13;BOLÍVAR;RÍO VIEJO;8.5869742;-73.8388939
13620;13;BOLÍVAR;SAN CRISTÓBAL;10.374308;-75.0763405
13647;13;BOLÍVAR;SAN ESTANISLAO;10.3992064;-75.1506023
13650;13;BOLÍVAR;SAN FERNANDO;9.1078595;-74.3798106
13654;13;BOLÍVAR;SAN JACINTO;9.8296174;-75.1218628
13655;13;BOLÍVAR;SAN JACINTO DEL CAUCA;8.2525295;-74.7177669
13657;13;BOLÍVAR;SAN JUAN NEPOMUCENO;9.9512143;-75.0794539
13667;13;BOLÍVAR;SAN MARTÍN DE LOBA;8.9370479;-74.038373
13670;13;BOLÍVAR;SAN PABLO;7.4772487;-73.9234783
13673;13;BOLÍVAR;SANTA CATALINA;10.6523887;-75.2698898
13683;13;BOLÍVAR;SANTA ROSA;6.1559393;-73.838507
13688;13;BOLÍVAR;SANTA ROSA DEL SUR;7.9635222;-74.0506379
13744;13;BOLÍVAR;SIMITÍ;7.9551827;-73.9449234
13760;13;BOLÍVAR;SOPLAVIENTO;10.3894704;-75.1369206
13780;13;BOLÍVAR;TALAIGUA NUEVO;9.3032374;-74.5654949
13836;13;BOLÍVAR;TURBACO;10.3305871;-75.4127345
13838;13;BOLÍVAR;TURBANÁ;10.2724091;-75.4432009
13873;13;BOLÍVAR;VILLANUEVA;10.4444032;-75.2730468
13894;13;BOLÍVAR;ZAMBRANO;9.7414779;-74.8177731
15001;15;BOYACÁ;TUNJA;5.5324313;-73.3616014
15022;15;BOYACÁ;ALMEIDA;4.971164;-73.3788228
15047;15;BOYACÁ;AQUITANIA;5.5175808;-72.88315
15051;15;BOYACÁ;ARCABUCO;5.755207;-73.4513711
15087;15;BOYACÁ;BELÉN;6.0169583;-72.9172466
15090;15;BOYACÁ;BERBEO;5.2261415;-73.1265012
15092;15;BOYACÁ;BETÉITIVA;5.9223691;-72.8590253
15097;15;BOYACÁ;BOAVITA;6.3321613;-72.6095101
15104;15;BOYACÁ;BOYACÁ;5.4428193;-73.3745224
15106;15;BOYACÁ;BRICEÑO;5.6620095;-73.9208214
15109;15;BOYACÁ;BUENAVISTA;5.4875315;-73.9563076
15114;15;BOYACÁ;BUSBANZÁ;5.8507677;-72.8744038
15131;15;BOYACÁ;CALDAS;5.5751455;-73.882994
15135;15;BOYACÁ;CAMPOHERMOSO;4.9983987;-73.1203366
15162;15;BOYACÁ;CERINZA;5.97103;-72.9681475
15172;15;BOYACÁ;CHINAVITA;5.2062439;-73.3349582
15176;15;BOYACÁ;CHIQUINQUIRÁ;5.6234945;-73.8209479
15180;15;BOYACÁ;CHISCAS;6.6767804;-72.4067439
15183;15;BOYACÁ;CHITA;6.0653731;-72.4315575
15185;15;BOYACÁ;CHITARAQUE;6.0279763;-73.4469335
15187;15;BOYACÁ;CHIVATÁ;5.5803634;-73.248662
15189;15;BOYACÁ;CIÉNEGA;5.388622;-73.2780403
15204;15;BOYACÁ;CÓMBITA;5.6916169;-73.309147
15212;15;BOYACÁ;COPER;5.4467242;-74.0351572
15215;15;BOYACÁ;CORRALES;5.8240049;-72.8396951
15218;15;BOYACÁ;COVARACHÍA;6.5120041;-72.7318322
15223;15;BOYACÁ;CUBARÁ;7.0020076;-72.1089218
15224;15;BOYACÁ;CUCAITA;5.5252177;-73.4481267
15226;15;BOYACÁ;CUÍTIVA;5.5872812;-72.9500854
15232;15;BOYACÁ;CHÍQUIZA;5.6053336;-73.4849171
15236;15;BOYACÁ;CHIVOR;4.8600951;-73.3543529
15238;15;BOYACÁ;DUITAMA;5.8973422;-73.0691371
15244;15;BOYACÁ;EL COCUY;6.3546936;-72.4156711
15248;15;BOYACÁ;EL ESPINO;6.4825581;-72.4952026
15272;15;BOYACÁ;FIRAVITOBA;5.6748886;-73.0175711
15276;15;BOYACÁ;FLORESTA;5.8628372;-72.930006
15293;15;BOYACÁ;GACHANTIVÁ;5.7422941;-73.5360399
15296;15;BOYACÁ;GÁMEZA;5.8019513;-72.8049747
15299;15;BOYACÁ;GARAGOA;5.0822246;-73.3643092
15317;15;BOYACÁ;GUACAMAYAS;6.4432371;-72.5162424
15322;15;BOYACÁ;GUATEQUE;5.0226102;-73.4919902
15325;15;BOYACÁ;GUAYATÁ;4.937329;-73.4996735
15332;15;BOYACÁ;GÜICÁN DE LA SIERRA;;
15362;15;BOYACÁ;IZA;5.6196676;-72.9613928
15367;15;BOYACÁ;JENESANO;5.3728385;-73.3885247
15368;15;BOYACÁ;JERICÓ;6.1373495;-72.5818888
15377;15;BOYACÁ;LABRANZAGRANDE;5.5453993;-72.5974873
15380;15;BOYACÁ;LA CAPILLA;5.1111878;-73.4566653
15401;15;BOYACÁ;LA VICTORIA;5.5152589;-74.2354892
15403;15;BOYACÁ;LA UVITA;6.2665634;-72.5413107
15407;15;BOYACÁ;VILLA DE LEYVA;5.6619877;-73.5283801
15425;15;BOYACÁ;MACANAL;4.9818504;-73.2854607
15442;15;BOYACÁ;MARIPÍ;5.5495156;-74.0046921
15455;15;BOYACÁ;MIRAFLORES;5.1514125;-73.1705152
15464;15;BOYACÁ;MONGUA;5.6974591;-72.6859189
15466;15;BOYACÁ;MONGUÍ;5.6981559;-72.8319267
15469;15;BOYACÁ;MONIQUIRÁ;5.8763096;-73.5732077
15476;15;BOYACÁ;MOTAVITA;5.6124102;-73.3776615
15480;15;BOYACÁ;MUZO;5.5321291;-74.1027796
15491;15;BOYACÁ;NOBSA;5.7705609;-72.9397458
15494;15;BOYACÁ;NUEVO COLÓN;5.3528931;-73.4476892
15500;15;BOYACÁ;OICATÁ;5.6170796;-73.2748492
15507;15;BOYACÁ;OTANCHE;5.6599976;-74.1816643
15511;15;BOYACÁ;PACHAVITA;5.1496901;-73.4044916
15514;15;BOYACÁ;PÁEZ;5.0943443;-72.9879067
15516;15;BOYACÁ;PAIPA;5.7812701;-73.1176532
15518;15;BOYACÁ;PAJARITO;5.3735455;-72.675289
15522;15;BOYACÁ;PANQUEBA;6.4426674;-72.4590342
15531;15;BOYACÁ;PAUNA;5.6929617;-73.9931197
15537;15;BOYACÁ;PAZ DE RÍO;6.0268294;-72.7631496
15542;15;BOYACÁ;PESCA;5.5582793;-73.0514809
15550;15;BOYACÁ;PISBA;5.7358932;-72.4388765
15572;15;BOYACÁ;PUERTO BOYACÁ;5.9756376;-74.5882837
15580;15;BOYACÁ;QUÍPAMA;5.52297;-74.1812499
15599;15;BOYACÁ;RAMIRIQUÍ;5.3291259;-73.304206
15600;15;BOYACÁ;RÁQUIRA;5.5380119;-73.6322224
15621;15;BOYACÁ;RONDÓN;5.3607436;-73.1972901
15632;15;BOYACÁ;SABOYÁ;5.704371;-73.741339
15638;15;BOYACÁ;SÁCHICA;5.5777686;-73.539933
15646;15;BOYACÁ;SAMACÁ;5.4917892;-73.48529
15660;15;BOYACÁ;SAN EDUARDO;5.2370004;-73.0526646
15664;15;BOYACÁ;SAN JOSÉ DE PARE;6.0004695;-73.5363279
15667;15;BOYACÁ;SAN LUIS DE GACENO;4.8206297;-73.1678724
15673;15;BOYACÁ;SAN MATEO;6.4167219;-72.5768212
15676;15;BOYACÁ;SAN MIGUEL DE SEMA;5.5189895;-73.7229967
15681;15;BOYACÁ;SAN PABLO DE BORBUR;5.6516898;-74.0696951
15686;15;BOYACÁ;SANTANA;6.0555992;-73.4820924
15690;15;BOYACÁ;SANTA MARÍA;4.8208423;-73.2718839
15693;15;BOYACÁ;SANTA ROSA DE VITERBO;5.8744825;-72.9823638
15696;15;BOYACÁ;SANTA SOFÍA;5.7333558;-73.6050053
15720;15;BOYACÁ;SATIVANORTE;6.1259742;-72.7446893
15723;15;BOYACÁ;SATIVASUR;6.0625729;-72.686072
15740;15;BOYACÁ;SIACHOQUE;5.4879559;-73.2119851
15753;15;BOYACÁ;SOATÁ;6.3218894;-72.7009715
15755;15;BOYACÁ;SOCOTÁ;6.0412437;-72.6365858
15757;15;BOYACÁ;SOCHA;5.997488;-72.6911515
15759;15;BOYACÁ;SOGAMOSO;5.7148307;-72.9279328
15761;15;BOYACÁ;SOMONDOCO;4.9618617;-73.4333556
15762;15;BOYACÁ;SORA;5.5840044;-73.4383989
15763;15;BOYACÁ;SOTAQUIRÁ;5.7853117;-73.2591
15764;15;BOYACÁ;SORACÁ;5.4814276;-73.3217772
15774;15;BOYACÁ;SUSACÓN;6.2322941;-72.6918572
15776;15;BOYACÁ;SUTAMARCHÁN;5.637484;-73.6275168
15778;15;BOYACÁ;SUTATENZA;5.0243841;-73.4267539
15790;15;BOYACÁ;TASCO;5.8983538;-72.7578745
15798;15;BOYACÁ;TENZA;5.0763822;-73.4173609
15804;15;BOYACÁ;TIBANÁ;5.3108665;-73.391183
15806;15;BOYACÁ;TIBASOSA;5.7480813;-73.0127908
15808;15;BOYACÁ;TINJACÁ;5.572943;-73.6709218
15810;15;BOYACÁ;TIPACOQUE;6.4279842;-72.7001078
15814;15;BOYACÁ;TOCA;5.5771231;-73.16845
15816;15;BOYACÁ;TOGÜÍ;5.9170442;-73.4964349
15820;15;BOYACÁ;TÓPAGA;5.7664573;-72.8403634
15822;15;BOYACÁ;TOTA;5.4766073;-73.0133761
15832;15;BOYACÁ;TUNUNGUÁ;5.7173695;-73.9312695
15835;15;BOYACÁ;TURMEQUÉ;5.3014558;-73.5115863
15837;15;BOYACÁ;TUTA;5.6786146;-73.1870563
15839;15;BOYACÁ;TUTAZÁ;6.0739913;-72.8624193
15842;15;BOYACÁ;ÚMBITA;5.22123;-73.457038
15861;15;BOYACÁ;VENTAQUEMADA;5.3666155;-73.5216361
15879;15;BOYACÁ;VIRACACHÁ;5.4474929;-73.2667175
15897;15;BOYACÁ;ZETAQUIRA;5.2821538;-73.1669653
17001;17;CALDAS;MANIZALES;5.0743694;-75.5081167
17013;17;CALDAS;AGUADAS;5.613113;-75.4575902
17042;17;CALDAS;ANSERMA;5.2295674;-75.7878384
17050;17;CALDAS;ARANZAZU;5.2711368;-75.4904079
17088;17;CALDAS;BELALCÁZAR;4.994718;-75.8122627
17174;17;CALDAS;CHINCHINÁ;5.0021529;-75.703989
17272;17;CALDAS;FILADELFIA;5.2963713;-75.5622217
17380;17;CALDAS;LA DORADA;5.4457655;-74.6618458
17388;17;CALDAS;LA MERCED;5.3990667;-75.5478047
17433;17;CALDAS;MANZANARES;5.253198;-75.1544544
17442;17;CALDAS;MARMATO;5.4754029;-75.5987879
17444;17;CALDAS;MARQUETALIA;5.2966038;-75.0546064
17446;17;CALDAS;MARULANDA;5.2841208;-75.2606169
17486;17;CALDAS;NEIRA;5.1917458;-75.5195162
17495;17;CALDAS;NORCASIA;5.5758643;-74.8881645
17513;17;CALDAS;PÁCORA;5.5272323;-75.4594449
17524;17;CALDAS;PALESTINA;5.0203683;-75.6223394
17541;17;CALDAS;PENSILVANIA;5.3833488;-75.1609683
17614;17;CALDAS;RIOSUCIO;5.4209549;-75.7030623
17616;17;CALDAS;RISARALDA;5.1635531;-75.7673963
17653;17;CALDAS;SALAMINA;5.4078495;-75.4880496
17662;17;CALDAS;SAMANÁ;5.4127804;-74.992031
17665;17;CALDAS;SAN JOSÉ;5.0804958;-75.7923405
17777;17;CALDAS;SUPÍA;5.4533321;-75.651965
17867;17;CALDAS;VICTORIA;5.3167944;-74.9120079
17873;17;CALDAS;VILLAMARÍA;4.9274251;-75.4531346
17877;17;CALDAS;VITERBO;5.0618565;-75.8734996
18001;18;CAQUETÁ;FLORENCIA;1.6158666;-75.6143045
18029;18;CAQUETÁ;ALBANIA;1.3290058;-75.8786065
18094;18;CAQUETÁ;BELÉN DE LOS ANDAQUÍES;1.4163944;-75.8725636
18150;18;CAQUETÁ;CARTAGENA DEL CHAIRÁ;1.3345179;-74.8414067
18205;18;CAQUETÁ;CURILLO;1.0326931;-75.9193814
18247;18;CAQUETÁ;EL DONCELLO;1.6815919;-75.2844565
18256;18;CAQUETÁ;EL PAUJÍL;1.5716432;-75.3269578
18410;18;CAQUETÁ;LA MONTAÑITA;1.4817139;-75.4356404
18460;18;CAQUETÁ;MILÁN;1.2900867;-75.5076247
18479;18;CAQUETÁ;MORELIA;1.4874697;-75.724859
18592;18;CAQUETÁ;PUERTO RICO;1.909392;-75.1530969
18610;18;CAQUETÁ;SAN JOSÉ DEL FRAGUA;1.3314207;-75.9727503
18753;18;CAQUETÁ;SAN VICENTE DEL CAGUÁN;2.1131213;-74.7697347
18756;18;CAQUETÁ;SOLANO;0.2407577;-72.5216978
18785;18;CAQUETÁ;SOLITA;0.8767264;-75.6190438
18860;18;CAQUETÁ;VALPARAÍSO;1.1961248;-75.7059684
19001;19;CAUCA;POPAYÁN;2.4431455;-76.5463299
19022;19;CAUCA;ALMAGUER;1.9142744;-76.8548514
19050;19;CAUCA;ARGELIA;2.2568076;-77.2494094
19075;19;CAUCA;BALBOA;2.042096;-77.2157842
19100;19;CAUCA;BOLÍVAR;1.8733279;-76.9919324
19110;19;CAUCA;BUENOS AIRES;3.0165467;-76.6406849
19130;19;CAUCA;CAJIBÍO;2.6231693;-76.5693504
19137;19;CAUCA;CALDONO;2.796326;-76.4836526
19142;19;CAUCA;CALOTO;3.0336985;-76.4085199
19212;19;CAUCA;CORINTO;3.1439306;-76.2002489
19256;19;CAUCA;EL TAMBO;2.4511923;-76.8117409
19290;19;CAUCA;FLORENCIA;1.6830289;-77.0726877
19300;19;CAUCA;GUACHENÉ;3.1323331;-76.3916018
19318;19;CAUCA;GUAPI;2.5708069;-77.882619
19355;19;CAUCA;INZÁ;2.5500211;-76.0643978
19364;19;CAUCA;JAMBALÓ;2.7776822;-76.3243788
19392;19;CAUCA;LA SIERRA;2.1763552;-76.7634852
19397;19;CAUCA;LA VEGA;2.0525728;-76.7759384
19450;19;CAUCA;MERCADERES;1.8004122;-77.165892
19455;19;CAUCA;MIRANDA;3.2511475;-76.2291572
19473;19;CAUCA;MORALES;2.8438981;-76.848882
19513;19;CAUCA;PADILLA;3.2254364;-76.3139739
19517;19;CAUCA;PÁEZ;2.7357822;-75.9915281
19532;19;CAUCA;PATÍA;2.07501;-77.0616762
19533;19;CAUCA;PIAMONTE;1.1185119;-76.3265519
19548;19;CAUCA;PIENDAMÓ - TUNÍA;2.7400119;-76.5353693
19573;19;CAUCA;PUERTO TEJADA;3.2288972;-76.4192267
19585;19;CAUCA;PURACÉ;2.3811038;-76.4551183
19622;19;CAUCA;ROSAS;2.2621018;-76.7392875
19693;19;CAUCA;SAN SEBASTIÁN;1.8386665;-76.7697662
19698;19;CAUCA;SANTANDER DE QUILICHAO;3.0075752;-76.4856531
19701;19;CAUCA;SANTA ROSA;1.7018257;-76.5725868
19743;19;CAUCA;SILVIA;2.6115436;-76.378424
19760;19;CAUCA;SOTARÁ PAISPAMBA;2.2544528;-76.6146548
19780;19;CAUCA;SUÁREZ;2.9543543;-76.6948801
19785;19;CAUCA;SUCRE;2.0382339;-76.9249937
19807;19;CAUCA;TIMBÍO;2.3528374;-76.683012
19809;19;CAUCA;TIMBIQUÍ;2.7705138;-77.6643122
19821;19;CAUCA;TORIBÍO;2.9554697;-76.2686889
19824;19;CAUCA;TOTORÓ;2.5109533;-76.4011501
19845;19;CAUCA;VILLA RICA;3.1765241;-76.4637676
20001;20;CESAR;VALLEDUPAR;10.3431115;-73.3757934
20011;20;CESAR;AGUACHICA;8.309416;-73.603699
20013;20;CESAR;AGUSTÍN CODAZZI;10.0374894;-73.2387011
20032;20;CESAR;ASTREA;9.4962322;-73.9756293
20045;20;CESAR;BECERRIL;9.7032785;-73.2786054
20060;20;CESAR;BOSCONIA;9.9284449;-73.8587145
20175;20;CESAR;CHIMICHAGUA;9.2576662;-73.8126883
20178;20;CESAR;CHIRIGUANÁ;9.3636401;-73.6016974
20228;20;CESAR;CURUMANÍ;9.1995316;-73.5440609
20238;20;CESAR;EL COPEY;10.1492075;-73.9611708
20250;20;CESAR;EL PASO;9.6589481;-73.7504695
20295;20;CESAR;GAMARRA;8.3201399;-73.714785
20310;20;CESAR;GONZÁLEZ;8.3912927;-73.3815389
20383;20;CESAR;LA GLORIA;8.6182682;-73.8013876
20400;20;CESAR;LA JAGUA DE IBIRICO;9.5613975;-73.3328147
20443;20;CESAR;MANAURE BALCÓN DEL CESAR;10.3910411;-73.0270699
20517;20;CESAR;PAILITAS;8.9589902;-73.6216938
20550;20;CESAR;PELAYA;8.6857187;-73.6690054
20570;20;CESAR;PUEBLO BELLO;10.4119057;-73.5909603
20614;20;CESAR;RÍO DE ORO;8.2924446;-73.385798
20621;20;CESAR;LA PAZ;10.3866045;-73.1710014
20710;20;CESAR;SAN ALBERTO;7.7611095;-73.3932831
20750;20;CESAR;SAN DIEGO;10.3326328;-73.1796691
20770;20;CESAR;SAN MARTÍN;8.0019296;-73.5121466
20787;20;CESAR;TAMALAMEQUE;8.8568265;-73.8157539
23001;23;CÓRDOBA;MONTERÍA;8.7509361;-75.8786806
23068;23;CÓRDOBA;AYAPEL;8.3116711;-75.1445022
23079;23;CÓRDOBA;BUENAVISTA;8.1902952;-75.4522068
23090;23;CÓRDOBA;CANALETE;8.7128498;-76.2520253
23162;23;CÓRDOBA;CERETÉ;8.8852282;-75.7922421
23168;23;CÓRDOBA;CHIMÁ;9.1496167;-75.629046
23182;23;CÓRDOBA;CHINÚ;9.1063553;-75.3989007
23189;23;CÓRDOBA;CIÉNAGA DE ORO;8.8746769;-75.6210036
23300;23;CÓRDOBA;COTORRA;9.0400712;-75.7863907
23350;23;CÓRDOBA;LA APARTADA;8.0484697;-75.333651
23417;23;CÓRDOBA;LORICA;9.2394583;-75.8139786
23419;23;CÓRDOBA;LOS CÓRDOBAS;8.8940761;-76.3552617
23464;23;CÓRDOBA;MOMIL;9.2377862;-75.6763936
23466;23;CÓRDOBA;MONTELÍBANO;7.9800534;-75.4167198
23500;23;CÓRDOBA;MOÑITOS;9.2460394;-76.1315965
23555;23;CÓRDOBA;PLANETA RICA;8.4076739;-75.5840456
23570;23;CÓRDOBA;PUEBLO NUEVO;8.5009416;-75.5080331
23574;23;CÓRDOBA;PUERTO ESCONDIDO;9.0142629;-76.2625983
23580;23;CÓRDOBA;PUERTO LIBERTADOR;7.6960931;-75.767573
23586;23;CÓRDOBA;PURÍSIMA DE LA CONCEPCIÓN;;
23660;23;CÓRDOBA;SAHAGÚN;8.9472964;-75.4434972
23670;23;CÓRDOBA;SAN ANDRÉS DE SOTAVENTO;9.1457678;-75.5090819
23672;23;CÓRDOBA;SAN ANTERO;9.373016;-75.7595056
23675;23;CÓRDOBA;SAN BERNARDO DEL VIENTO;9.3306611;-75.9945884
23678;23;CÓRDOBA;SAN CARLOS;8.7961712;-75.6996344
23682;23;CÓRDOBA;SAN JOSÉ DE URÉ;7.7869539;-75.5336319
23686;23;CÓRDOBA;SAN PELAYO;8.9920713;-75.9046272
23807;23;CÓRDOBA;TIERRALTA;8.171791;-76.0601328
23815;23;CÓRDOBA;TUCHÍN;9.1865401;-75.5551384
23855;23;CÓRDOBA;VALENCIA;8.1995857;-76.203091
25001;25;CUNDINAMARCA;AGUA DE DIOS;4.3794569;-74.6702859
25019;25;CUNDINAMARCA;ALBÁN;4.876533;-74.4360429
25035;25;CUNDINAMARCA;ANAPOIMA;4.5493011;-74.5359119
25040;25;CUNDINAMARCA;ANOLAIMA;4.7616096;-74.4649986
25053;25;CUNDINAMARCA;ARBELÁEZ;4.2726798;-74.4138217
25086;25;CUNDINAMARCA;BELTRÁN;4.7993086;-74.7408059
25095;25;CUNDINAMARCA;BITUIMA;4.8720675;-74.5392117
25099;25;CUNDINAMARCA;BOJACÁ;4.6879214;-74.3250022
25120;25;CUNDINAMARCA;CABRERA;3.9852044;-74.4843363
25123;25;CUNDINAMARCA;CACHIPAY;4.7310662;-74.4367577
25126;25;CUNDINAMARCA;CAJICÁ;4.9360114;-74.0321163
25148;25;CUNDINAMARCA;CAPARRAPÍ;5.3461338;-74.4916464
25151;25;CUNDINAMARCA;CÁQUEZA;4.4057096;-73.9459215
25154;25;CUNDINAMARCA;CARMEN DE CARUPA;5.3366152;-73.9223268
25168;25;CUNDINAMARCA;CHAGUANÍ;4.9496796;-74.5947984
25175;25;CUNDINAMARCA;CHÍA;4.8660334;-74.0306281
25178;25;CUNDINAMARCA;CHIPAQUE;4.4070793;-74.0697039
25181;25;CUNDINAMARCA;CHOACHÍ;4.5822005;-73.9137287
25183;25;CUNDINAMARCA;CHOCONTÁ;5.1459409;-73.6839512
25200;25;CUNDINAMARCA;COGUA;5.1085204;-73.9599328
25214;25;CUNDINAMARCA;COTA;4.8083869;-74.1036768
25224;25;CUNDINAMARCA;CUCUNUBÁ;5.2316116;-73.7567465
25245;25;CUNDINAMARCA;EL COLEGIO;4.5802618;-74.442374
25258;25;CUNDINAMARCA;EL PEÑÓN;5.2659174;-74.2932066
25260;25;CUNDINAMARCA;EL ROSAL;4.884139;-74.2362991
25269;25;CUNDINAMARCA;FACATATIVÁ;4.8097276;-74.3541838
25279;25;CUNDINAMARCA;FÓMEQUE;4.4871105;-73.8935278
25281;25;CUNDINAMARCA;FOSCA;4.3389335;-73.9385092
25286;25;CUNDINAMARCA;FUNZA;4.7177471;-74.2031547
25288;25;CUNDINAMARCA;FÚQUENE;5.4083822;-73.7733941
25290;25;CUNDINAMARCA;FUSAGASUGÁ;4.3449509;-74.3674249
25293;25;CUNDINAMARCA;GACHALÁ;4.6642049;-73.4911605
25295;25;CUNDINAMARCA;GACHANCIPÁ;4.9920291;-73.8721107
25297;25;CUNDINAMARCA;GACHETÁ;4.8703697;-73.6200143
25299;25;CUNDINAMARCA;GAMA;4.7275587;-73.6036607
25307;25;CUNDINAMARCA;GIRARDOT;4.3046383;-74.8030739
25312;25;CUNDINAMARCA;GRANADA;4.5202808;-74.3520944
25317;25;CUNDINAMARCA;GUACHETÁ;5.3912899;-73.6709806
25320;25;CUNDINAMARCA;GUADUAS;5.0674669;-74.5950774
25322;25;CUNDINAMARCA;GUASCA;4.8664391;-73.8776944
25324;25;CUNDINAMARCA;GUATAQUÍ;4.5181995;-74.7899996
25326;25;CUNDINAMARCA;GUATAVITA;4.9043435;-73.7799505
25328;25;CUNDINAMARCA;GUAYABAL DE SÍQUIMA;4.8782654;-74.4675635
25335;25;CUNDINAMARCA;GUAYABETAL;4.2163422;-73.8153965
25339;25;CUNDINAMARCA;GUTIÉRREZ;4.1661933;-74.0276385
25368;25;CUNDINAMARCA;JERUSALÉN;4.5623901;-74.6942067
25372;25;CUNDINAMARCA;JUNÍN;4.6899529;-73.7133847
25377;25;CUNDINAMARCA;LA CALERA;4.7068245;-73.9320846
25386;25;CUNDINAMARCA;LA MESA;4.6323002;-74.4633989
25394;25;CUNDINAMARCA;LA PALMA;5.3606208;-74.3905123
25398;25;CUNDINAMARCA;LA PEÑA;5.1976554;-74.3941494
25402;25;CUNDINAMARCA;LA VEGA;4.9997123;-74.3395223
25407;25;CUNDINAMARCA;LENGUAZAQUE;5.3026458;-73.6923453
25426;25;CUNDINAMARCA;MACHETÁ;5.0408099;-73.6084047
25430;25;CUNDINAMARCA;MADRID;4.736726;-74.2654685
25436;25;CUNDINAMARCA;MANTA;4.9946631;-73.5509364
25438;25;CUNDINAMARCA;MEDINA;4.510562;-73.3507441
25473;25;CUNDINAMARCA;MOSQUERA;4.7002001;-74.2385058
25483;25;CUNDINAMARCA;NARIÑO;4.3981229;-74.8279301
25486;25;CUNDINAMARCA;NEMOCÓN;5.0972332;-73.8747341
25488;25;CUNDINAMARCA;NILO;4.3065906;-74.6197608
25489;25;CUNDINAMARCA;NIMAIMA;5.125392;-74.3853502
25491;25;CUNDINAMARCA;NOCAIMA;5.0697674;-74.3775222
25506;25;CUNDINAMARCA;VENECIA;4.0889462;-74.4784456
25513;25;CUNDINAMARCA;PACHO;5.1301473;-74.1583128
25518;25;CUNDINAMARCA;PAIME;5.3708048;-74.1528181
25524;25;CUNDINAMARCA;PANDI;4.192251;-74.4860101
25530;25;CUNDINAMARCA;PARATEBUENO;4.3765197;-73.2125493
25535;25;CUNDINAMARCA;PASCA;4.3078299;-74.3001795
25572;25;CUNDINAMARCA;PUERTO SALGAR;5.4636898;-74.6501244
25580;25;CUNDINAMARCA;PULÍ;4.6809255;-74.7135542
25592;25;CUNDINAMARCA;QUEBRADANEGRA;5.117231;-74.4793643
25594;25;CUNDINAMARCA;QUETAME;4.3300288;-73.8497961
25596;25;CUNDINAMARCA;QUIPILE;4.7112737;-74.5493679
25599;25;CUNDINAMARCA;APULO;4.520545;-74.5938265
25612;25;CUNDINAMARCA;RICAURTE;4.2777357;-74.7718165
25645;25;CUNDINAMARCA;SAN ANTONIO DEL TEQUENDAMA;4.6161374;-74.351691
25649;25;CUNDINAMARCA;SAN BERNARDO;4.1782821;-74.4222732
25653;25;CUNDINAMARCA;SAN CAYETANO;5.3330507;-74.066783
25658;25;CUNDINAMARCA;SAN FRANCISCO;4.953252;-74.264573
25662;25;CUNDINAMARCA;SAN JUAN DE RIOSECO;4.8455155;-74.6225366
25718;25;CUNDINAMARCA;SASAIMA;4.9645773;-74.4331151
25736;25;CUNDINAMARCA;SESQUILÉ;5.0447672;-73.7955533
25740;25;CUNDINAMARCA;SIBATÉ;4.4660058;-74.262724
25743;25;CUNDINAMARCA;SILVANIA;4.4048536;-74.3872407
25745;25;CUNDINAMARCA;SIMIJACA;5.5152751;-73.8376865
25754;25;CUNDINAMARCA;SOACHA;4.5826886;-74.2117781
25758;25;CUNDINAMARCA;SOPÓ;4.9079158;-73.9402326
25769;25;CUNDINAMARCA;SUBACHOQUE;4.9659026;-74.1668581
25772;25;CUNDINAMARCA;SUESCA;5.1033413;-73.7990059
25777;25;CUNDINAMARCA;SUPATÁ;5.0572349;-74.2322706
25779;25;CUNDINAMARCA;SUSA;5.4387942;-73.839607
25781;25;CUNDINAMARCA;SUTATAUSA;5.2377338;-73.8549404
25785;25;CUNDINAMARCA;TABIO;4.9523895;-74.0790067
25793;25;CUNDINAMARCA;TAUSA;5.1949265;-73.9563076
25797;25;CUNDINAMARCA;TENA;4.6465802;-74.4007804
25799;25;CUNDINAMARCA;TENJO;4.8274537;-74.1529851
25805;25;CUNDINAMARCA;TIBACUY;4.3476755;-74.45273
25807;25;CUNDINAMARCA;TIBIRITA;5.0835428;-73.5165105
25815;25;CUNDINAMARCA;TOCAIMA;4.4579274;-74.6342234
25817;25;CUNDINAMARCA;TOCANCIPÁ;4.97371;-73.9211798
25823;25;CUNDINAMARCA;TOPAIPÍ;5.3353896;-74.3026812
25839;25;CUNDINAMARCA;UBALÁ;4.745638;-73.5329786
25841;25;CUNDINAMARCA;UBAQUE;4.501443;-73.9710295
25843;25;CUNDINAMARCA;VILLA DE SAN DIEGO DE UBATÉ;;
25845;25;CUNDINAMARCA;UNE;4.2982261;-74.0778924
25851;25;CUNDINAMARCA;ÚTICA;5.1879202;-74.4814775
25862;25;CUNDINAMARCA;VERGARA;5.1183756;-74.3451863
25867;25;CUNDINAMARCA;VIANÍ;4.87426;-74.5624055
25871;25;CUNDINAMARCA;VILLAGÓMEZ;5.2731679;-74.1951778
25873;25;CUNDINAMARCA;VILLAPINZÓN;5.2215207;-73.58989
25875;25;CUNDINAMARCA;VILLETA;5.0112575;-74.4702304
25878;25;CUNDINAMARCA;VIOTÁ;4.4388882;-74.5233576
25885;25;CUNDINAMARCA;YACOPÍ;5.4587905;-74.3376099
25898;25;CUNDINAMARCA;ZIPACÓN;4.7527665;-74.3795688
25899;25;CUNDINAMARCA;ZIPAQUIRÁ;5.0234748;-74.0039818
27001;27;CHOCÓ;QUIBDÓ;5.6912838;-76.6531337
27006;27;CHOCÓ;ACANDÍ;8.5115155;-77.2790562
27025;27;CHOCÓ;ALTO BAUDÓ;5.6659771;-77.079633
27050;27;CHOCÓ;ATRATO;5.5474741;-76.6420872
27073;27;CHOCÓ;BAGADÓ;5.4116935;-76.4159671
27075;27;CHOCÓ;BAHÍA SOLANO;6.2245644;-77.4034389
27077;27;CHOCÓ;BAJO BAUDÓ;5.0018176;-77.1580453
27099;27;CHOCÓ;BOJAYÁ;6.4417196;-77.0545721
27150;27;CHOCÓ;CARMEN DEL DARIÉN;7.0404791;-76.920595
27205;27;CHOCÓ;CONDOTO;5.09568;-76.5114837
27245;27;CHOCÓ;EL CARMEN DE ATRATO;5.8389066;-76.2084203
27250;27;CHOCÓ;EL LITORAL DEL SAN JUAN;4.2690022;-76.9866315
27361;27;CHOCÓ;ISTMINA;5.1593099;-76.685528
27372;27;CHOCÓ;JURADÓ;7.1031695;-77.7623252
27413;27;CHOCÓ;LLORÓ;5.5844842;-76.3725649
27491;27;CHOCÓ;NÓVITA;4.842978;-76.6445335
27493;27;CHOCÓ;NUEVO BELÉN DE BAJIRÁ;7.3721598;-76.7145927
27495;27;CHOCÓ;NUQUÍ;5.707435;-77.2710963
27580;27;CHOCÓ;RÍO IRÓ;5.1853204;-76.4720948
27615;27;CHOCÓ;RIOSUCIO;7.4365576;-77.1122594
27660;27;CHOCÓ;SAN JOSÉ DEL PALMAR;4.8950096;-76.2350277
27787;27;CHOCÓ;TADÓ;5.263378;-76.5621239
27800;27;CHOCÓ;UNGUÍA;8.0412373;-77.0933751
41001;41;HUILA;NEIVA;2.9257038;-75.2893937
41006;41;HUILA;ACEVEDO;1.8070452;-75.888501
41013;41;HUILA;AGRADO;2.2632959;-75.7150037
41016;41;HUILA;AIPE;3.2223559;-75.239962
41020;41;HUILA;ALGECIRAS;2.5046806;-75.3039481
41026;41;HUILA;ALTAMIRA;2.0823259;-75.7754794
41078;41;HUILA;BARAYA;3.0892735;-74.944835
41132;41;HUILA;CAMPOALEGRE;2.6851032;-75.3263227
41206;41;HUILA;COLOMBIA;3.3758991;-74.8019303
41244;41;HUILA;ELÍAS;2.0136193;-75.9392336
41298;41;HUILA;GARZÓN;2.1960126;-75.6274845
41306;41;HUILA;GIGANTE;2.3948453;-75.5269239
41319;41;HUILA;GUADALUPE;2.0248785;-75.7564049
41349;41;HUILA;HOBO;2.5811045;-75.4494997
41357;41;HUILA;ÍQUIRA;2.6499277;-75.6352082
41359;41;HUILA;ISNOS;1.9301058;-76.2150064
41378;41;HUILA;LA ARGENTINA;2.1985723;-75.9791154
41396;41;HUILA;LA PLATA;2.3894154;-75.8926236
41483;41;HUILA;NÁTAGA;2.5769586;-75.7951201
41503;41;HUILA;OPORAPA;2.0235756;-75.995126
41518;41;HUILA;PAICOL;2.4487125;-75.7747485
41524;41;HUILA;PALERMO;2.8896962;-75.4346589
41530;41;HUILA;PALESTINA;1.7229505;-76.1311882
41548;41;HUILA;PITAL;2.2574692;-75.8339699
41551;41;HUILA;PITALITO;1.8447122;-76.0456886
41615;41;HUILA;RIVERA;2.7776396;-75.2572183
41660;41;HUILA;SALADOBLANCO;1.993142;-76.0450355
41668;41;HUILA;SAN AGUSTÍN;1.882076;-76.2728979
41676;41;HUILA;SANTA MARÍA;2.9374927;-75.5867503
41770;41;HUILA;SUAZA;1.9772874;-75.7946272
41791;41;HUILA;TARQUI;2.1136893;-75.8251742
41797;41;HUILA;TESALIA;2.4855806;-75.7273303
41799;41;HUILA;TELLO;3.067211;-75.1392845
41801;41;HUILA;TERUEL;2.7416333;-75.5683448
41807;41;HUILA;TIMANÁ;1.9501689;-75.9265797
41872;41;HUILA;VILLAVIEJA;3.2195402;-75.2190257
41885;41;HUILA;YAGUARÁ;2.6628774;-75.516008
44001;44;LA GUAJIRA;RIOHACHA;11.2361913;-72.8820456
44035;44;LA GUAJIRA;ALBANIA;11.1577716;-72.5992388
44078;44;LA GUAJIRA;BARRANCAS;10.9541684;-72.7888637
44090;44;LA GUAJIRA;DIBULLA;11.2722465;-73.3114396
44098;44;LA GUAJIRA;DISTRACCIÓN;10.9118556;-72.9451254
44110;44;LA GUAJIRA;EL MOLINO;10.6284107;-72.8730932
44279;44;LA GUAJIRA;FONSECA;10.7773005;-72.7985609
44378;44;LA GUAJIRA;HATONUEVO;11.0675576;-72.7600808
44420;44;LA GUAJIRA;LA JAGUA DEL PILAR;10.5102023;-73.0709956
44430;44;LA GUAJIRA;MAICAO;11.3773054;-72.2387633
44560;44;LA GUAJIRA;MANAURE;11.7771128;-72.4469366
44650;44;LA GUAJIRA;SAN JUAN DEL CESAR;10.7735312;-73.0019165
44847;44;LA GUAJIRA;URIBIA;11.7148608;-72.265783
44855;44;LA GUAJIRA;URUMITA;10.5555676;-73.012513
44874;44;LA GUAJIRA;VILLANUEVA;10.5909279;-72.9924063
47001;47;MAGDALENA;SANTA MARTA;11.2320944;-74.1950916
47030;47;MAGDALENA;ALGARROBO;10.1914131;-74.0618168
47053;47;MAGDALENA;ARACATACA;10.5906011;-74.1876803
47058;47;MAGDALENA;ARIGUANÍ;9.8005467;-74.0599546
47161;47;MAGDALENA;CERRO DE SAN ANTONIO;10.3269546;-74.8690124
47170;47;MAGDALENA;CHIVOLO;10.0269357;-74.6208028
47189;47;MAGDALENA;CIÉNAGA;11.0107899;-74.2516386
47205;47;MAGDALENA;CONCORDIA;10.2588096;-74.8341063
47245;47;MAGDALENA;EL BANCO;9.0049173;-73.9738472
47258;47;MAGDALENA;EL PIÑÓN;10.4042864;-74.8243075
47268;47;MAGDALENA;EL RETÉN;10.612076;-74.2695268
47288;47;MAGDALENA;FUNDACIÓN;10.5155669;-74.1901088
47318;47;MAGDALENA;GUAMAL;9.144026;-74.2236605
47460;47;MAGDALENA;NUEVA GRANADA;9.8018198;-74.3923786
47541;47;MAGDALENA;PEDRAZA;10.1901696;-74.9141714
47545;47;MAGDALENA;PIJIÑO DEL CARMEN;9.3304217;-74.4535166
47551;47;MAGDALENA;PIVIJAY;10.4654031;-74.6169599
47555;47;MAGDALENA;PLATO;9.7904163;-74.7820016
47570;47;MAGDALENA;PUEBLOVIEJO;10.8321869;-74.3681025
47605;47;MAGDALENA;REMOLINO;10.7020154;-74.7170111
47660;47;MAGDALENA;SABANAS DE SAN ÁNGEL;10.1321799;-74.2533999
47675;47;MAGDALENA;SALAMINA;10.4902585;-74.7937782
47692;47;MAGDALENA;SAN SEBASTIÁN DE BUENAVISTA;9.2397583;-74.3515536
47703;47;MAGDALENA;SAN ZENÓN;9.3550021;-74.2763193
47707;47;MAGDALENA;SANTA ANA;9.3229035;-74.5696573
47720;47;MAGDALENA;SANTA BÁRBARA DE PINTO;9.4316572;-74.70475
47745;47;MAGDALENA;SITIONUEVO;10.7770014;-74.7206038
47798;47;MAGDALENA;TENERIFE;9.9003487;-74.8589973
47960;47;MAGDALENA;ZAPAYÁN;10.1368138;-74.6873006
47980;47;MAGDALENA;ZONA BANANERA;10.7968092;-74.1807898
50001;50;META;VILLAVICENCIO;4.1114595;-73.4967836
50006;50;META;ACACÍAS;3.9887317;-73.767432
50110;50;META;BARRANCA DE UPÍA;4.5707393;-72.963415
50124;50;META;CABUYARO;4.3129278;-72.9287992
50150;50;META;CASTILLA LA NUEVA;3.8275343;-73.6892805
50223;50;META;CUBARRAL;3.7943159;-73.8390382
50226;50;META;CUMARAL;4.2711674;-73.4877694
50245;50;META;EL CALVARIO;4.3518203;-73.7146617
50251;50;META;EL CASTILLO;3.5647959;-73.7942913
50270;50;META;EL DORADO;3.7393505;-73.8350537
50287;50;META;FUENTE DE ORO;3.4639497;-73.6213964
50313;50;META;GRANADA;3.548259;-73.7051174
50318;50;META;GUAMAL;3.8772676;-73.770142
50325;50;META;MAPIRIPÁN;2.8933959;-72.132043
50330;50;META;MESETAS;3.3840276;-74.0438661
50350;50;META;LA MACARENA;2.1833828;-73.7857879
50370;50;META;URIBE;3.2413296;-74.3510657
50400;50;META;LEJANÍAS;3.5265098;-74.0226232
50450;50;META;PUERTO CONCORDIA;2.7730746;-72.6862902
50568;50;META;PUERTO GAITÁN;4.3120724;-72.0829509
50573;50;META;PUERTO LÓPEZ;4.085013;-72.9584671
50577;50;META;PUERTO LLERAS;3.2697276;-73.3756016
50590;50;META;PUERTO RICO;2.9402122;-73.2051337
50606;50;META;RESTREPO;4.2597265;-73.5654839
50680;50;META;SAN CARLOS DE GUAROA;3.835189;-73.2598441
50683;50;META;SAN JUAN DE ARAMA;3.3712076;-73.8721934
50686;50;META;SAN JUANITO;4.4585632;-73.6771583
50689;50;META;SAN MARTÍN;3.6943897;-73.6952914
50711;50;META;VISTAHERMOSA;3.1160709;-73.7446066
52001;52;NARIÑO;PASTO;1.2140275;-77.2785096
52019;52;NARIÑO;ALBÁN;1.4737301;-77.0647147
52022;52;NARIÑO;ALDANA;0.8822547;-77.7003164
52036;52;NARIÑO;ANCUYA;1.2615284;-77.5147482
52051;52;NARIÑO;ARBOLEDA;1.4846286;-77.121058
52083;52;NARIÑO;BELÉN;1.5961164;-77.0159361
52110;52;NARIÑO;BUESACO;1.384101;-77.156619
52203;52;NARIÑO;COLÓN;1.6310467;-77.0363205
52207;52;NARIÑO;CONSACÁ;1.2092969;-77.4267187
52210;52;NARIÑO;CONTADERO;0.9275026;-77.521693
52215;52;NARIÑO;CÓRDOBA;0.8540703;-77.5182592
52224;52;NARIÑO;CUASPUD CARLOSAMA;0.85;-77.733333
52227;52;NARIÑO;CUMBAL;0.9092082;-77.788906
52233;52;NARIÑO;CUMBITARA;1.6473621;-77.578094
52240;52;NARIÑO;CHACHAGÜÍ;1.360752;-77.2831744
52250;52;NARIÑO;EL CHARCO;2.4798209;-78.110793
52254;52;NARIÑO;EL PEÑOL;1.454125;-77.4396657
52256;52;NARIÑO;EL ROSARIO;1.7426237;-77.3349654
52258;52;NARIÑO;EL TABLÓN DE GÓMEZ;1.6377965;-76.9596243
52260;52;NARIÑO;EL TAMBO;1.4093115;-77.3923306
52287;52;NARIÑO;FUNES;0.9987301;-77.448542
52317;52;NARIÑO;GUACHUCAL;0.9573434;-77.7333581
52320;52;NARIÑO;GUAITARILLA;1.1305245;-77.5483421
52323;52;NARIÑO;GUALMATÁN;0.9200211;-77.5661383
52352;52;NARIÑO;ILES;0.9698295;-77.5201636
52354;52;NARIÑO;IMUÉS;1.0693749;-77.504296
52356;52;NARIÑO;IPIALES;0.8236501;-77.6348556
52378;52;NARIÑO;LA CRUZ;1.6003354;-76.9711667
52381;52;NARIÑO;LA FLORIDA;1.2986074;-77.4044845
52385;52;NARIÑO;LA LLANADA;1.472721;-77.5802015
52399;52;NARIÑO;LA UNIÓN;1.5989976;-77.1305999
52405;52;NARIÑO;LEIVA;1.9356061;-77.3068188
52411;52;NARIÑO;LINARES;1.3516458;-77.5235169
52418;52;NARIÑO;LOS ANDES;1.4932789;-77.5210552
52435;52;NARIÑO;MALLAMA;1.1889966;-77.8705652
52473;52;NARIÑO;MOSQUERA;2.507865;-78.4516461
52480;52;NARIÑO;NARIÑO;1.2906755;-77.3578572
52490;52;NARIÑO;OLAYA HERRERA;2.348495;-78.3267125
52506;52;NARIÑO;OSPINA;1.0586533;-77.5656698
52520;52;NARIÑO;FRANCISCO PIZARRO;2.0865197;-78.597912
52540;52;NARIÑO;POLICARPA;1.6286636;-77.4594651
52560;52;NARIÑO;POTOSÍ;0.7340175;-77.4091765
52565;52;NARIÑO;PROVIDENCIA;1.2391932;-77.5973656
52573;52;NARIÑO;PUERRES;0.7996157;-77.2564469
52585;52;NARIÑO;PUPIALES;0.8707969;-77.6419358
52612;52;NARIÑO;RICAURTE;1.213249;-77.9945007
52678;52;NARIÑO;SAMANIEGO;1.3389525;-77.5933795
52683;52;NARIÑO;SANDONÁ;1.2863843;-77.4710722
52685;52;NARIÑO;SAN BERNARDO;1.5158752;-77.0457718
52687;52;NARIÑO;SAN LORENZO;1.5031548;-77.2153366
52693;52;NARIÑO;SAN PABLO;1.6788623;-76.989174
52694;52;NARIÑO;SAN PEDRO DE CARTAGO;1.5524899;-77.1200173
52696;52;NARIÑO;SANTA BÁRBARA;2.3242097;-77.9273143
52699;52;NARIÑO;SANTACRUZ;1.2226827;-77.6769685
52720;52;NARIÑO;SAPUYES;1.0418207;-77.7062802
52786;52;NARIÑO;TAMINANGO;1.5696216;-77.2772963
52788;52;NARIÑO;TANGUA;1.0944024;-77.3948049
52835;52;NARIÑO;SAN ANDRÉS DE TUMACO;1.8062887;-78.7649814
52838;52;NARIÑO;TÚQUERRES;1.0877024;-77.6188242
52885;52;NARIÑO;YACUANQUER;1.1222843;-77.4291925
54001;54;NORTE DE SANTANDER;CÚCUTA;8.0776187;-72.4689002
54003;54;NORTE DE SANTANDER;ÁBREGO;8.0818887;-73.2208717
54051;54;NORTE DE SANTANDER;ARBOLEDAS;7.6707185;-72.7237135
54099;54;NORTE DE SANTANDER;BOCHALEMA;7.61236;-72.6471433
54109;54;NORTE DE SANTANDER;BUCARASICA;8.0394871;-72.8669475
54125;54;NORTE DE SANTANDER;CÁCOTA;7.2684542;-72.6419655
54128;54;NORTE DE SANTANDER;CÁCHIRA;7.7419001;-73.0485225
54172;54;NORTE DE SANTANDER;CHINÁCOTA;7.6084113;-72.6002682
54174;54;NORTE DE SANTANDER;CHITAGÁ;7.1381899;-72.6647954
54206;54;NORTE DE SANTANDER;CONVENCIÓN;8.4662543;-73.3362193
54223;54;NORTE DE SANTANDER;CUCUTILLA;7.539501;-72.77276
54239;54;NORTE DE SANTANDER;DURANIA;7.7141729;-72.6566936
54245;54;NORTE DE SANTANDER;EL CARMEN;8.1685107;-72.8110286
54250;54;NORTE DE SANTANDER;EL TARRA;8.6145368;-73.0330358
54261;54;NORTE DE SANTANDER;EL ZULIA;8.0954887;-72.6463775
54313;54;NORTE DE SANTANDER;GRAMALOTE;7.9155235;-72.7865971
54344;54;NORTE DE SANTANDER;HACARÍ;8.3208498;-73.1453266
54347;54;NORTE DE SANTANDER;HERRÁN;7.5068955;-72.4831948
54377;54;NORTE DE SANTANDER;LABATECA;7.2990588;-72.4957735
54385;54;NORTE DE SANTANDER;LA ESPERANZA;7.6957401;-73.3547071
54398;54;NORTE DE SANTANDER;LA PLAYA;8.2670915;-72.757907
54405;54;NORTE DE SANTANDER;LOS PATIOS;7.8342202;-72.5059128
54418;54;NORTE DE SANTANDER;LOURDES;7.9443819;-72.8334804
54480;54;NORTE DE SANTANDER;MUTISCUA;7.3009393;-72.7467237
54498;54;NORTE DE SANTANDER;OCAÑA;8.2354064;-73.3538495
54518;54;NORTE DE SANTANDER;PAMPLONA;7.3763807;-72.6482628
54520;54;NORTE DE SANTANDER;PAMPLONITA;7.437016;-72.6380198
54553;54;NORTE DE SANTANDER;PUERTO SANTANDER;8.3546568;-72.4145867
54599;54;NORTE DE SANTANDER;RAGONVALIA;7.5778992;-72.4765555
54660;54;NORTE DE SANTANDER;SALAZAR;7.7849895;-72.8446028
54670;54;NORTE DE SANTANDER;SAN CALIXTO;8.4028985;-73.2075592
54673;54;NORTE DE SANTANDER;SAN CAYETANO;7.8333533;-72.6101805
54680;54;NORTE DE SANTANDER;SANTIAGO;7.8644479;-72.7165562
54720;54;NORTE DE SANTANDER;SARDINATA;8.084097;-72.8000665
54743;54;NORTE DE SANTANDER;SILOS;7.2054262;-72.7562972
54800;54;NORTE DE SANTANDER;TEORAMA;8.758691;-73.1608877
54810;54;NORTE DE SANTANDER;TIBÚ;8.6371362;-72.7344612
54820;54;NORTE DE SANTANDER;TOLEDO;7.310534;-72.4837963
54871;54;NORTE DE SANTANDER;VILLA CARO;7.9138728;-72.9724555
54874;54;NORTE DE SANTANDER;VILLA DEL ROSARIO;7.8318933;-72.4717181
63001;63;QUINDÍO;ARMENIA;4.4919894;-75.7413961
63111;63;QUINDÍO;BUENAVISTA;4.3599158;-75.7386779
63130;63;QUINDÍO;CALARCÁ;4.5305855;-75.640632
63190;63;QUINDÍO;CIRCASIA;4.6075667;-75.6667067
63212;63;QUINDÍO;CÓRDOBA;4.3900715;-75.6858247
63272;63;QUINDÍO;FILANDIA;4.6750767;-75.6579957
63302;63;QUINDÍO;GÉNOVA;4.1929922;-75.7448118
63401;63;QUINDÍO;LA TEBAIDA;4.4512175;-75.7887314
63470;63;QUINDÍO;MONTENEGRO;4.5664176;-75.7507081
63548;63;QUINDÍO;PIJAO;4.3341444;-75.7038062
63594;63;QUINDÍO;QUIMBAYA;4.6231176;-75.7637346
63690;63;QUINDÍO;SALENTO;4.6373012;-75.569799
66001;66;RISARALDA;PEREIRA;4.7854606;-75.788322
66045;66;RISARALDA;APÍA;5.1065543;-75.9425022
66075;66;RISARALDA;BALBOA;4.9233884;-75.9361785
66088;66;RISARALDA;BELÉN DE UMBRÍA;5.2008906;-75.8689921
66170;66;RISARALDA;DOSQUEBRADAS;4.8339551;-75.6713013
66318;66;RISARALDA;GUÁTICA;5.3155623;-75.8008056
66383;66;RISARALDA;LA CELIA;5.00335;-76.0031995
66400;66;RISARALDA;LA VIRGINIA;4.8995993;-75.8825661
66440;66;RISARALDA;MARSELLA;4.9583904;-75.7541209
66456;66;RISARALDA;MISTRATÓ;5.4065243;-75.9636005
66572;66;RISARALDA;PUEBLO RICO;5.2215789;-76.0302156
66594;66;RISARALDA;QUINCHÍA;5.3261634;-75.7218684
66682;66;RISARALDA;SANTA ROSA DE CABAL;4.8650708;-75.6211554
66687;66;RISARALDA;SANTUARIO;5.0732065;-75.9624682
68001;68;SANTANDER;BUCARAMANGA;7.1669842;-73.1047294
68013;68;SANTANDER;AGUADA;6.162366;-73.5215686
68020;68;SANTANDER;ALBANIA;5.7587654;-73.9151617
68051;68;SANTANDER;ARATOCA;6.6945729;-73.0187027
68077;68;SANTANDER;BARBOSA;5.9326035;-73.6124368
68079;68;SANTANDER;BARICHARA;6.6357156;-73.2234417
68081;68;SANTANDER;BARRANCABERMEJA;7.0673313;-73.8525627
68092;68;SANTANDER;BETULIA;6.9006397;-73.2835591
68101;68;SANTANDER;BOLÍVAR;5.9899805;-73.770548
68121;68;SANTANDER;CABRERA;6.5933521;-73.2463975
68132;68;SANTANDER;CALIFORNIA;7.3480915;-72.9459294
68147;68;SANTANDER;CAPITANEJO;6.5291798;-72.6982619
68152;68;SANTANDER;CARCASÍ;6.6273516;-72.6260967
68160;68;SANTANDER;CEPITÁ;6.745901;-72.9294288
68162;68;SANTANDER;CERRITO;6.8435992;-72.6939627
68167;68;SANTANDER;CHARALÁ;6.2881742;-73.148289
68169;68;SANTANDER;CHARTA;7.2807986;-72.9682259
68176;68;SANTANDER;CHIMA;6.3443969;-73.3727428
68179;68;SANTANDER;CHIPATÁ;6.0624774;-73.6372532
68190;68;SANTANDER;CIMITARRA;6.3145415;-73.9496809
68207;68;SANTANDER;CONCEPCIÓN;6.7682934;-72.694484
68209;68;SANTANDER;CONFINES;6.3559746;-73.2409632
68211;68;SANTANDER;CONTRATACIÓN;6.290737;-73.4745564
68217;68;SANTANDER;COROMORO;6.240506;-72.9917307
68229;68;SANTANDER;CURITÍ;6.6067027;-73.069209
68235;68;SANTANDER;EL CARMEN DE CHUCURÍ;6.6986924;-73.5115695
68245;68;SANTANDER;EL GUACAMAYO;6.2452658;-73.4975606
68250;68;SANTANDER;EL PEÑÓN;6.0557588;-73.8149932
68255;68;SANTANDER;EL PLAYÓN;7.5230008;-73.1978659
68264;68;SANTANDER;ENCINO;6.137825;-73.0988367
68266;68;SANTANDER;ENCISO;6.6498446;-72.6817355
68271;68;SANTANDER;FLORIÁN;5.7871564;-73.9701788
68276;68;SANTANDER;FLORIDABLANCA;7.0625677;-73.0859086
68296;68;SANTANDER;GALÁN;6.6379098;-73.2874531
68298;68;SANTANDER;GÁMBITA;5.9162802;-73.3158972
68307;68;SANTANDER;GIRÓN;7.069069;-73.1700282
68318;68;SANTANDER;GUACA;6.8760761;-72.8557642
68320;68;SANTANDER;GUADALUPE;6.2468169;-73.4181815
68322;68;SANTANDER;GUAPOTÁ;6.3082977;-73.3212243
68324;68;SANTANDER;GUAVATÁ;5.9542651;-73.6997882
68327;68;SANTANDER;GÜEPSA;6.0357259;-73.5663239
68344;68;SANTANDER;HATO;6.5621066;-73.3647381
68368;68;SANTANDER;JESÚS MARÍA;5.8489792;-73.8310995
68370;68;SANTANDER;JORDÁN;6.7127071;-73.0924538
68377;68;SANTANDER;LA BELLEZA;5.8588396;-73.9658291
68385;68;SANTANDER;LANDÁZURI;6.2205334;-73.8113754
68397;68;SANTANDER;LA PAZ;6.1785935;-73.5895841
68406;68;SANTANDER;LEBRIJA;7.1138415;-73.2174056
68418;68;SANTANDER;LOS SANTOS;6.8178716;-73.096114
68425;68;SANTANDER;MACARAVITA;6.5061711;-72.5928958
68432;68;SANTANDER;MÁLAGA;6.699661;-72.7324563
68444;68;SANTANDER;MATANZA;7.3230808;-73.0155679
68464;68;SANTANDER;MOGOTES;6.5024406;-72.976792
68468;68;SANTANDER;MOLAGAVITA;6.6361117;-72.8214261
68498;68;SANTANDER;OCAMONTE;6.3407198;-73.1220259
68500;68;SANTANDER;OIBA;6.2314836;-73.2740311
68502;68;SANTANDER;ONZAGA;6.3438974;-72.816606
68522;68;SANTANDER;PALMAR;6.538635;-73.2916928
68524;68;SANTANDER;PALMAS DEL SOCORRO;6.4066247;-73.287918
68533;68;SANTANDER;PÁRAMO;6.416541;-73.1693988
68547;68;SANTANDER;PIEDECUESTA;6.9874808;-73.0504129
68549;68;SANTANDER;PINCHOTE;6.5322505;-73.1732298
68572;68;SANTANDER;PUENTE NACIONAL;5.8770962;-73.6791063
68573;68;SANTANDER;PUERTO PARRA;6.7012886;-73.9774782
68575;68;SANTANDER;PUERTO WILCHES;7.3480175;-73.8979783
68615;68;SANTANDER;RIONEGRO;7.4792888;-73.3827006
68655;68;SANTANDER;SABANA DE TORRES;7.3939416;-73.4998859
68669;68;SANTANDER;SAN ANDRÉS;6.8100668;-72.8506351
68673;68;SANTANDER;SAN BENITO;6.1032265;-73.5301387
68679;68;SANTANDER;SAN GIL;6.5552856;-73.1312353
68682;68;SANTANDER;SAN JOAQUÍN;6.4710188;-72.8451961
68684;68;SANTANDER;SAN JOSÉ DE MIRANDA;6.6252675;-72.7366986
68686;68;SANTANDER;SAN MIGUEL;6.5759286;-72.6455489
68689;68;SANTANDER;SAN VICENTE DE CHUCURÍ;6.9287793;-73.5207543
68705;68;SANTANDER;SANTA BÁRBARA;6.9632242;-72.9055645
68720;68;SANTANDER;SANTA HELENA DEL OPÓN;6.3387975;-73.616366
68745;68;SANTANDER;SIMACOTA;6.6824805;-73.7916925
68755;68;SANTANDER;SOCORRO;6.470518;-73.2623187
68770;68;SANTANDER;SUAITA;6.1257536;-73.3627147
68773;68;SANTANDER;SUCRE;6.015965;-74.01211
68780;68;SANTANDER;SURATÁ;7.3664929;-72.9847362
68820;68;SANTANDER;TONA;7.2020629;-72.9663733
68855;68;SANTANDER;VALLE DE SAN JOSÉ;6.4480153;-73.1443007
68861;68;SANTANDER;VÉLEZ;6.1354127;-73.8342096
68867;68;SANTANDER;VETAS;7.3092643;-72.8718075
68872;68;SANTANDER;VILLANUEVA;6.6712394;-73.1753984
68895;68;SANTANDER;ZAPATOCA;6.8166596;-73.2686529
70001;70;SUCRE;SINCELEJO;9.2973386;-75.3926601
70110;70;SUCRE;BUENAVISTA;9.3196186;-74.9745867
70124;70;SUCRE;CAIMITO;8.790591;-75.1163176
70204;70;SUCRE;COLOSÓ;9.4941082;-75.3530874
70215;70;SUCRE;COROZAL;9.3192389;-75.2947262
70221;70;SUCRE;COVEÑAS;9.4017581;-75.6787017
70230;70;SUCRE;CHALÁN;9.5423971;-75.3129471
70233;70;SUCRE;EL ROBLE;9.1037704;-75.1952621
70235;70;SUCRE;GALERAS;9.1209664;-74.9660275
70265;70;SUCRE;GUARANDA;8.392953;-74.8001175
70400;70;SUCRE;LA UNIÓN;8.851812;-75.2804647
70418;70;SUCRE;LOS PALMITOS;9.3805529;-75.2681334
70429;70;SUCRE;MAJAGUAL;8.5618708;-74.7294456
70473;70;SUCRE;MORROA;9.3344096;-75.305435
70508;70;SUCRE;OVEJAS;9.5538396;-75.1888309
70523;70;SUCRE;PALMITO;9.3318248;-75.5422877
70670;70;SUCRE;SAMPUÉS;9.1845583;-75.3802368
70678;70;SUCRE;SAN BENITO ABAD;8.9293556;-75.0269099
70702;70;SUCRE;SAN JUAN DE BETULIA;9.273499;-75.2431182
70708;70;SUCRE;SAN MARCOS;8.6618609;-75.1307644
70713;70;SUCRE;SAN ONOFRE;9.7386264;-75.5234228
70717;70;SUCRE;SAN PEDRO;9.3966301;-75.0335463
70742;70;SUCRE;SAN LUIS DE SINCÉ;9.2191217;-75.1292839
70771;70;SUCRE;SUCRE;8.8119729;-74.7209745
70820;70;SUCRE;SANTIAGO DE TOLÚ;9.5241138;-75.5841794
70823;70;SUCRE;TOLÚ VIEJO;;
73001;73;TOLIMA;IBAGUÉ;4.4386033;-75.2108857
73024;73;TOLIMA;ALPUJARRA;3.3910327;-74.9326005
73026;73;TOLIMA;ALVARADO;4.567169;-74.9538251
73030;73;TOLIMA;AMBALEMA;4.7835866;-74.7643927
73043;73;TOLIMA;ANZOÁTEGUI;4.6311631;-75.094827
73055;73;TOLIMA;ARMERO GUAYABAL;5.0301119;-74.8835029
73067;73;TOLIMA;ATACO;3.5912171;-75.3819459
73124;73;TOLIMA;CAJAMARCA;4.4419656;-75.4268205
73148;73;TOLIMA;CARMEN DE APICALÁ;4.1478321;-74.7224417
73152;73;TOLIMA;CASABIANCA;5.0046769;-75.1948929
73168;73;TOLIMA;CHAPARRAL;3.7245851;-75.485156
73200;73;TOLIMA;COELLO;4.2880723;-74.8981694
73217;73;TOLIMA;COYAIMA;3.7993906;-75.1945858
73226;73;TOLIMA;CUNDAY;3.9659435;-74.7267615
73236;73;TOLIMA;DOLORES;3.6275684;-74.8097851
73268;73;TOLIMA;ESPINAL;4.1503044;-74.8845895
73270;73;TOLIMA;FALAN;5.1240227;-74.9516185
73275;73;TOLIMA;FLANDES;4.2864999;-74.813697
73283;73;TOLIMA;FRESNO;5.1516594;-75.0366354
73319;73;TOLIMA;GUAMO;4.0303906;-74.9679007
73347;73;TOLIMA;HERVEO;5.049223;-75.2398685
73349;73;TOLIMA;HONDA;5.210419;-74.7361921
73352;73;TOLIMA;ICONONZO;4.1776149;-74.5330517
73408;73;TOLIMA;LÉRIDA;4.8609666;-74.9109405
73411;73;TOLIMA;LÍBANO;4.9229399;-75.0647738
73443;73;TOLIMA;SAN SEBASTIÁN DE MARIQUITA;5.1974195;-74.8939527
73449;73;TOLIMA;MELGAR;4.2039758;-74.6429479
73461;73;TOLIMA;MURILLO;4.8248173;-75.2349544
73483;73;TOLIMA;NATAGAIMA;3.6241727;-75.0930613
73504;73;TOLIMA;ORTEGA;3.9340209;-75.2212672
73520;73;TOLIMA;PALOCABILDO;5.1219918;-75.0222273
73547;73;TOLIMA;PIEDRAS;4.5429776;-74.8788788
73555;73;TOLIMA;PLANADAS;3.0980308;-75.856522
73563;73;TOLIMA;PRADO;3.7201711;-74.8620019
73585;73;TOLIMA;PURIFICACIÓN;3.8582108;-74.9308216
73616;73;TOLIMA;RIOBLANCO;3.5310723;-75.6452086
73622;73;TOLIMA;RONCESVALLES;4.0111317;-75.6051946
73624;73;TOLIMA;ROVIRA;4.1929158;-75.3690964
73671;73;TOLIMA;SALDAÑA;3.9292831;-75.0148462
73675;73;TOLIMA;SAN ANTONIO;3.971341;-75.5145161
73678;73;TOLIMA;SAN LUIS;4.1341381;-75.0946957
73686;73;TOLIMA;SANTA ISABEL;4.714425;-75.098832
73770;73;TOLIMA;SUÁREZ;4.0484889;-74.833034
73854;73;TOLIMA;VALLE DE SAN JUAN;4.2003577;-75.1180693
73861;73;TOLIMA;VENADILLO;4.7190884;-74.929669
73870;73;TOLIMA;VILLAHERMOSA;4.9765885;-75.1666117
73873;73;TOLIMA;VILLARRICA;3.9354843;-74.6002686
76001;76;VALLE DEL CAUCA;CALI;3.4108435;-76.5812127
76020;76;VALLE DEL CAUCA;ALCALÁ;4.6748944;-75.781669
76036;76;VALLE DEL CAUCA;ANDALUCÍA;4.1694199;-76.1670623
76041;76;VALLE DEL CAUCA;ANSERMANUEVO;4.7957054;-75.9937832
76054;76;VALLE DEL CAUCA;ARGELIA;4.7270067;-76.1213087
76100;76;VALLE DEL CAUCA;BOLÍVAR;4.3372359;-76.1847682
76109;76;VALLE DEL CAUCA;BUENAVENTURA;3.8881929;-77.0738324
76111;76;VALLE DEL CAUCA;GUADALAJARA DE BUGA;3.9000578;-76.302013
76113;76;VALLE DEL CAUCA;BUGALAGRANDE;4.2138883;-76.1571129
76122;76;VALLE DEL CAUCA;CAICEDONIA;4.3076028;-75.8397908
76126;76;VALLE DEL CAUCA;CALIMA;3.9318186;-76.4842408
76130;76;VALLE DEL CAUCA;CANDELARIA;3.4090481;-76.347379
76147;76;VALLE DEL CAUCA;CARTAGO;4.7106593;-75.9323875
76233;76;VALLE DEL CAUCA;DAGUA;3.658161;-76.6893973
76243;76;VALLE DEL CAUCA;EL ÁGUILA;4.9381541;-76.0602975
76246;76;VALLE DEL CAUCA;EL CAIRO;4.7621884;-76.2207611
76248;76;VALLE DEL CAUCA;EL CERRITO;3.6829185;-76.3071487
76250;76;VALLE DEL CAUCA;EL DOVIO;4.511899;-76.238102
76275;76;VALLE DEL CAUCA;FLORIDA;3.3004741;-76.1897061
76306;76;VALLE DEL CAUCA;GINEBRA;3.7237049;-76.2687988
76318;76;VALLE DEL CAUCA;GUACARÍ;3.7630235;-76.3344854
76364;76;VALLE DEL CAUCA;JAMUNDÍ;3.2618357;-76.5407975
76377;76;VALLE DEL CAUCA;LA CUMBRE;3.6505888;-76.569897
76400;76;VALLE DEL CAUCA;LA UNIÓN;4.5373411;-76.104472
76403;76;VALLE DEL CAUCA;LA VICTORIA;4.5232502;-76.0357835
76497;76;VALLE DEL CAUCA;OBANDO;4.5746578;-75.9721783
76520;76;VALLE DEL CAUCA;PALMIRA;3.5308373;-76.2988048
76563;76;VALLE DEL CAUCA;PRADERA;3.4196687;-76.2424378
76606;76;VALLE DEL CAUCA;RESTREPO;3.822009;-76.5222535
76616;76;VALLE DEL CAUCA;RIOFRÍO;4.1071481;-76.3839423
76622;76;VALLE DEL CAUCA;ROLDANILLO;4.4091166;-76.1543744
76670;76;VALLE DEL CAUCA;SAN PEDRO;3.9955682;-76.2280495
76736;76;VALLE DEL CAUCA;SEVILLA;4.2645071;-75.934396
76823;76;VALLE DEL CAUCA;TORO;4.608925;-76.0824045
76828;76;VALLE DEL CAUCA;TRUJILLO;4.2123039;-76.3188928
76834;76;VALLE DEL CAUCA;TULUÁ;4.0856667;-76.1972779
76845;76;VALLE DEL CAUCA;ULLOA;4.7081028;-75.7812539
76863;76;VALLE DEL CAUCA;VERSALLES;4.6166442;-76.2325677
76869;76;VALLE DEL CAUCA;VIJES;3.7003997;-76.4428876
76890;76;VALLE DEL CAUCA;YOTOCO;3.8976611;-76.387873
76892;76;VALLE DEL CAUCA;YUMBO;3.5834664;-76.4952223
76895;76;VALLE DEL CAUCA;ZARZAL;4.393943;-76.0706472
81001;81;ARAUCA;ARAUCA;7.0851994;-70.7577762
81065;81;ARAUCA;ARAUQUITA;6.7915761;-71.3001162
81220;81;ARAUCA;CRAVO NORTE;6.2991553;-70.20646
81300;81;ARAUCA;FORTUL;6.7928481;-71.7743907
81591;81;ARAUCA;PUERTO RONDÓN;6.2777051;-71.0999647
81736;81;ARAUCA;SARAVENA;6.9564869;-71.8754665
81794;81;ARAUCA;TAME;6.4615184;-71.7314377
85001;85;CASANARE;YOPAL;5.237236;-72.2399158
85010;85;CASANARE;AGUAZUL;5.1708408;-72.550846
85015;85;CASANARE;CHÁMEZA;5.213808;-72.8710429
85125;85;CASANARE;HATO COROZAL;6.0567773;-71.6149401
85136;85;CASANARE;LA SALINA;6.1284789;-72.3342292
85139;85;CASANARE;MANÍ;4.8182785;-72.2804274
85162;85;CASANARE;MONTERREY;4.8762611;-72.8968843
85225;85;CASANARE;NUNCHÍA;5.638081;-72.194668
85230;85;CASANARE;OROCUÉ;4.789484;-71.3406351
85250;85;CASANARE;PAZ DE ARIPORO;5.8815393;-71.892938
85263;85;CASANARE;PORE;5.727473;-71.9928398
85279;85;CASANARE;RECETOR;5.2833577;-72.7640617
85300;85;CASANARE;SABANALARGA;4.8564547;-73.0390642
85315;85;CASANARE;SÁCAMA;6.098907;-72.2487665
85325;85;CASANARE;SAN LUIS DE PALENQUE;5.422039;-71.7314386
85400;85;CASANARE;TÁMARA;5.8296003;-72.1639754
85410;85;CASANARE;TAURAMENA;5.013414;-72.7507084
85430;85;CASANARE;TRINIDAD;5.4068042;-71.6623713
85440;85;CASANARE;VILLANUEVA;4.6147753;-72.9252219
86001;86;PUTUMAYO;MOCOA;1.1466295;-76.6482327
86219;86;PUTUMAYO;COLÓN;1.1894909;-76.9725122
86320;86;PUTUMAYO;ORITO;0.6686314;-76.8749187
86568;86;PUTUMAYO;PUERTO ASÍS;0.4979751;-76.4951418
86569;86;PUTUMAYO;PUERTO CAICEDO;0.6841941;-76.6044095
86571;86;PUTUMAYO;PUERTO GUZMÁN;0.9648984;-76.407834
86573;86;PUTUMAYO;PUERTO LEGUÍZAMO;-0.1949861;-74.7806975
86749;86;PUTUMAYO;SIBUNDOY;1.2054134;-76.9160037
86755;86;PUTUMAYO;SAN FRANCISCO;1.1478382;-76.8694003
86757;86;PUTUMAYO;SAN MIGUEL;0.3113756;-76.9455879
86760;86;PUTUMAYO;SANTIAGO;1.146773;-77.0024767
86865;86;PUTUMAYO;VALLE DEL GUAMUEZ;0.4493223;-76.8784528
86885;86;PUTUMAYO;VILLAGARZÓN;1.0306708;-76.61691
88564;88;ARCHIPIÉLAGO DE SAN ANDRÉS, PROVIDENCIA Y;PROVIDENCIA;13.3531166;-81.3749889
91001;91;AMAZONAS;LETICIA;-4.2129211;-69.9425963
91263;91;AMAZONAS;EL ENCANTO;-1.7444574;-73.2090566
91407;91;AMAZONAS;LA PEDRERA;-1.1950966;-70.0887773
91460;91;AMAZONAS;MIRITÍ - PARANÁ;-0.8880777;-70.9883084
94001;94;GUAINÍA;INÍRIDA;3.8650368;-67.9259848
94343;94;GUAINÍA;BARRANCO MINAS;3.4905446;-69.8094888
94884;94;GUAINÍA;PUERTO COLOMBIA;2.4954965;-68.2705106
95001;95;GUAVIARE;SAN JOSÉ DEL GUAVIARE;2.5716141;-72.6426515
95015;95;GUAVIARE;CALAMAR;1.5495999;-72.9711897
95025;95;GUAVIARE;EL RETORNO;2.3305016;-72.6264183
95200;95;GUAVIARE;MIRAFLORES;1.3266989;-72.0868068
97001;97;VAUPÉS;MITÚ;1.2587328;-70.2366439
97161;97;VAUPÉS;CARURÚ;1.0155254;-71.2961479
99001;99;VICHADA;PUERTO CARREÑO;6.1909225;-67.4841891
99524;99;VICHADA;LA PRIMAVERA;5.4904575;-70.4097672
99773;99;VICHADA;CUMARIBO;4.4471495;-69.7975845
004;Internacional;Internacional;AFGANISTÁN;33.9391;67.71
032;Internacional;Internacional;ARGENTINA;-38.4161;-63.6167
044;Internacional;Internacional;BAHAMAS;25.0343;-77.3963
056;Internacional;Internacional;BÉLGICA;50.5039;4.4699
068;Internacional;Internacional;BOLIVIA;-16.2902;-63.5887
076;Internacional;Internacional;BRASIL;-14.235;-51.9253
084;Internacional;Internacional;BELICE;17.1899;-88.4976
100;Internacional;Internacional;BULGARIA;42.7339;25.4858
124;Internacional;Internacional;CANADÁ;56.1304;-106.3468
152;Internacional;Internacional;CHILE;-35.6751;-71.543
156;Internacional;Internacional;CHINA;35.8617;104.1954
158;Internacional;Internacional;TAIWÁN;23.6978;120.9605
170;Internacional;Internacional;COLOMBIA;7.0360659;-73.068323
218;Internacional;Internacional;ECUADOR;-1.8312;-78.1834
250;Internacional;Internacional;FRANCIA;46.2276;2.2137
276;Internacional;Internacional;ALEMANIA;51.1657;10.4515
300;Internacional;Internacional;GRECIA;39.0742;21.8243
320;Internacional;Internacional;GUATEMALA;15.7835;-90.2308
340;Internacional;Internacional;HONDURAS;15.2;-86.2419
356;Internacional;Internacional;INDIA;20.5937;78.9629
372;Internacional;Internacional;IRLANDA;53.1424;-7.6921
380;Internacional;Internacional;ITALIA;41.8719;12.5674
484;Internacional;Internacional;MÉXICO;23.6345;-102.5528
528;Internacional;Internacional;PAÍSES BAJOS;52.1326;5.2913
554;Internacional;Internacional;NUEVA ZELANDA;-40.9006;174.886
558;Internacional;Internacional;NICARAGUA;12.8654;-85.2072
578;Internacional;Internacional;NORUEGA;60.472;8.4689
586;Internacional;Internacional;PAKISTÁN;30.3753;69.3451
591;Internacional;Internacional;PANAMÁ;8.538;-80.7821
600;Internacional;Internacional;PARAGUAY;-23.4425;-58.4438
604;Internacional;Internacional;PERÚ;-9.19;-75.0152
616;Internacional;Internacional;POLONIA;51.9194;19.1451
620;Internacional;Internacional;PORTUGAL;39.3999;-8.2245
630;Internacional;Internacional;PUERTO RICO;18.2208;-66.5901
704;Internacional;Internacional;VIETNAM;14.0583;108.2772
724;Internacional;Internacional;ESPAÑA;40.4637;-3.7492
752;Internacional;Internacional;SUECIA;60.1282;18.6435
792;Internacional;Internacional;TURQUIA;38.9637;35.2433
800;Internacional;Internacional;UGANDA;1.3733;32.2903
826;Internacional;Internacional;GRAN BRETAÑA;55.3781;-3.436
840;Internacional;Internacional;ESTADOS UNIDOS DE AMÉRICA;37.0902;-95.7129
858;Internacional;Internacional;URUGUAY;-32.5228;-55.7658
860;Internacional;Internacional;UZBEKISTÁN;41.3775;64.5853
862;Internacional;Internacional;VENEZUELA;6.4238;-66.5897
999;Internacional;Internacional;ESCOCIA;56.4907;-4.2026
