cod_muni;municipio;cod_depto;departamento;provincia;rc_total;rc_externa;rmbc;muni_conmutados;terri_funcional;muni_priori178;muni_muestra178
05001;Medellín;05;Antioquia;Valle Del Aburra;0;0;0;0;Ninguno;Ninguno;0
05002;Abejorral;05;Antioquia;Oriente;0;0;0;0;Ninguno;Ninguno;0
05004;Abriaquí;05;Antioquia;Occidente;0;0;0;0;Ninguno;Ninguno;0
05021;Alejandría;05;Antioquia;Oriente;0;0;0;0;Ninguno;Ninguno;0
05030;Amaga;05;Antioquia;Suroeste;0;0;0;0;Ninguno;Ninguno;0
05031;Amalfi;05;Antioquia;Nordeste;0;0;0;0;Ninguno;Ninguno;0
05034;Andes;05;Antioquia;Suroeste;0;0;0;0;Ninguno;Ninguno;0
05036;Angelopolis;05;Antioquia;Suroeste;0;0;0;0;Ninguno;Ninguno;0
05038;Angostura;05;Antioquia;Norte;0;0;0;0;Ninguno;Ninguno;0
05040;Anorí;05;Antioquia;Nordeste;0;0;0;0;Ninguno;Ninguno;0
05042;Santafé De Antioquia;05;Antioquia;Occidente;0;0;0;0;Ninguno;Ninguno;0
05044;Anza;05;Antioquia;Occidente;0;0;0;0;Ninguno;Ninguno;0
05045;Apartadó;05;Antioquia;Uraba;0;0;0;0;Ninguno;Ninguno;0
05051;Arboletes;05;Antioquia;Uraba;0;0;0;0;Ninguno;Ninguno;0
05055;Argelia;05;Antioquia;Oriente;0;0;0;0;Ninguno;Ninguno;0
05059;Armenia;05;Antioquia;Occidente;0;0;0;0;Ninguno;Ninguno;0
05079;Barbosa;05;Antioquia;Valle Del Aburra;0;0;0;0;Ninguno;Ninguno;0
05086;Belmira;05;Antioquia;Norte;0;0;0;0;Ninguno;Ninguno;0
05088;Bello;05;Antioquia;Valle Del Aburra;0;0;0;0;Ninguno;Ninguno;0
05091;Betania;05;Antioquia;Suroeste;0;0;0;0;Ninguno;Ninguno;0
05093;Betulia;05;Antioquia;Suroeste;0;0;0;0;Ninguno;Ninguno;0
05101;Ciudad Bolívar;05;Antioquia;Suroeste;0;0;0;0;Ninguno;Ninguno;0
05107;Briceño;05;Antioquia;Norte;0;0;0;0;Ninguno;Ninguno;0
05113;Buriticá;05;Antioquia;Occidente;0;0;0;0;Ninguno;Ninguno;0
05120;Cáceres;05;Antioquia;Bajo Cauca;0;0;0;0;Ninguno;Ninguno;0
05125;Caicedo;05;Antioquia;Suroeste;0;0;0;0;Ninguno;Ninguno;0
05129;Caldas;05;Antioquia;Valle Del Aburra;0;0;0;0;Ninguno;Ninguno;0
05134;Campamento;05;Antioquia;Norte;0;0;0;0;Ninguno;Ninguno;0
05138;Cañasgordas;05;Antioquia;Occidente;0;0;0;0;Ninguno;Ninguno;0
05142;Caracolí;05;Antioquia;Magdalena Medio;0;0;0;0;Ninguno;Ninguno;0
05145;Caramanta;05;Antioquia;Suroeste;0;0;0;0;Ninguno;Ninguno;0
05147;Carepa;05;Antioquia;Uraba;0;0;0;0;Ninguno;Ninguno;0
05148;Carmen De Viboral;05;Antioquia;Oriente;0;0;0;0;Ninguno;Ninguno;0
05150;Carolina;05;Antioquia;Norte;0;0;0;0;Ninguno;Ninguno;0
05154;Caucasia;05;Antioquia;Bajo Cauca;0;0;0;0;Ninguno;Ninguno;0
05172;Chigorodó;05;Antioquia;Uraba;0;0;0;0;Ninguno;Ninguno;0
05190;Cisneros;05;Antioquia;Nordeste;0;0;0;0;Ninguno;Ninguno;0
05197;Cocorná;05;Antioquia;Oriente;0;0;0;0;Ninguno;Ninguno;0
05206;Concepción;05;Antioquia;Oriente;0;0;0;0;Ninguno;Ninguno;0
05209;Concordia;05;Antioquia;Suroeste;0;0;0;0;Ninguno;Ninguno;0
05212;Copacabana;05;Antioquia;Valle Del Aburra;0;0;0;0;Ninguno;Ninguno;0
05234;Dabeiba;05;Antioquia;Occidente;0;0;0;0;Ninguno;Ninguno;0
05237;Don Matias;05;Antioquia;Norte;0;0;0;0;Ninguno;Ninguno;0
05240;Ebéjico;05;Antioquia;Occidente;0;0;0;0;Ninguno;Ninguno;0
05250;El Bagre;05;Antioquia;Bajo Cauca;0;0;0;0;Ninguno;Ninguno;0
05264;Entrerrios;05;Antioquia;Norte;0;0;0;0;Ninguno;Ninguno;0
05266;Envigado;05;Antioquia;Valle Del Aburra;0;0;0;0;Ninguno;Ninguno;0
05282;Fredonia;05;Antioquia;Suroeste;0;0;0;0;Ninguno;Ninguno;0
05284;Frontino;05;Antioquia;Occidente;0;0;0;0;Ninguno;Ninguno;0
05306;Giraldo;05;Antioquia;Occidente;0;0;0;0;Ninguno;Ninguno;0
05308;Girardota;05;Antioquia;Valle Del Aburra;0;0;0;0;Ninguno;Ninguno;0
05310;Gómez Plata;05;Antioquia;Norte;0;0;0;0;Ninguno;Ninguno;0
05313;Granada;05;Antioquia;Oriente;0;0;0;0;Ninguno;Ninguno;0
05315;Guadalupe;05;Antioquia;Norte;0;0;0;0;Ninguno;Ninguno;0
05318;Guarne;05;Antioquia;Oriente;0;0;0;0;Ninguno;Ninguno;0
05321;Guatape;05;Antioquia;Oriente;0;0;0;0;Ninguno;Ninguno;0
05347;Heliconia;05;Antioquia;Occidente;0;0;0;0;Ninguno;Ninguno;0
05353;Hispania;05;Antioquia;Suroeste;0;0;0;0;Ninguno;Ninguno;0
05360;Itagui;05;Antioquia;Valle Del Aburra;0;0;0;0;Ninguno;Ninguno;0
05361;Ituango;05;Antioquia;Norte;0;0;0;0;Ninguno;Ninguno;0
05364;Jardín;05;Antioquia;Suroeste;0;0;0;0;Ninguno;Ninguno;0
05368;Jericó;05;Antioquia;Suroeste;0;0;0;0;Ninguno;Ninguno;0
05376;La Ceja;05;Antioquia;Oriente;0;0;0;0;Ninguno;Ninguno;0
05380;La Estrella;05;Antioquia;Valle Del Aburra;0;0;0;0;Ninguno;Ninguno;0
05390;La Pintada;05;Antioquia;Suroeste;0;0;0;0;Ninguno;Ninguno;0
05400;La Unión;05;Antioquia;Oriente;0;0;0;0;Ninguno;Ninguno;0
05411;Liborina;05;Antioquia;Occidente;0;0;0;0;Ninguno;Ninguno;0
05425;Maceo;05;Antioquia;Magdalena Medio;0;0;0;0;Ninguno;Ninguno;0
05440;Marinilla;05;Antioquia;Oriente;0;0;0;0;Ninguno;Ninguno;0
05467;Montebello;05;Antioquia;Suroeste;0;0;0;0;Ninguno;Ninguno;0
05475;Murindó;05;Antioquia;Uraba;0;0;0;0;Ninguno;Ninguno;0
05480;Mutata;05;Antioquia;Uraba;0;0;0;0;Ninguno;Ninguno;0
05483;Nariño;05;Antioquia;Oriente;0;0;0;0;Ninguno;Ninguno;0
05490;Necoclí;05;Antioquia;Uraba;0;0;0;0;Ninguno;Ninguno;0
05495;Nechí;05;Antioquia;Bajo Cauca;0;0;0;0;Ninguno;Ninguno;0
05501;Olaya;05;Antioquia;Occidente;0;0;0;0;Ninguno;Ninguno;0
05541;Peñol;05;Antioquia;Oriente;0;0;0;0;Ninguno;Ninguno;0
05543;Peque;05;Antioquia;Occidente;0;0;0;0;Ninguno;Ninguno;0
05576;Pueblorrico;05;Antioquia;Suroeste;0;0;0;0;Ninguno;Ninguno;0
05579;Puerto Berrio;05;Antioquia;Magdalena Medio;0;0;0;0;Ninguno;Ninguno;0
05585;Puerto Nare;05;Antioquia;Magdalena Medio;0;0;0;0;Ninguno;Ninguno;0
05591;Puerto Triunfo;05;Antioquia;Magdalena Medio;0;0;0;0;Ninguno;Ninguno;0
05604;Remedios;05;Antioquia;Nordeste;0;0;0;0;Ninguno;Ninguno;0
05607;Retiro;05;Antioquia;Oriente;0;0;0;0;Ninguno;Ninguno;0
05615;Rionegro;05;Antioquia;Oriente;0;0;0;0;Ninguno;Ninguno;0
05628;Sabanalarga;05;Antioquia;Occidente;0;0;0;0;Ninguno;Ninguno;0
05631;Sabaneta;05;Antioquia;Valle Del Aburra;0;0;0;0;Ninguno;Ninguno;0
05642;Salgar;05;Antioquia;Suroeste;0;0;0;0;Ninguno;Ninguno;0
05647;San Andrés;05;Antioquia;Norte;0;0;0;0;Ninguno;Ninguno;0
05649;San Carlos;05;Antioquia;Oriente;0;0;0;0;Ninguno;Ninguno;0
05652;San Francisco;05;Antioquia;Oriente;0;0;0;0;Ninguno;Ninguno;0
05656;San Jerónimo;05;Antioquia;Occidente;0;0;0;0;Ninguno;Ninguno;0
05658;San José De La Montaña;05;Antioquia;Norte;0;0;0;0;Ninguno;Ninguno;0
05659;San Juan De Uraba;05;Antioquia;Uraba;0;0;0;0;Ninguno;Ninguno;0
05660;San Luis;05;Antioquia;Oriente;0;0;0;0;Ninguno;Ninguno;0
05664;San Pedro;05;Antioquia;Norte;0;0;0;0;Ninguno;Ninguno;0
05665;San Pedro De Uraba;05;Antioquia;Uraba;0;0;0;0;Ninguno;Ninguno;0
05667;San Rafael;05;Antioquia;Oriente;0;0;0;0;Ninguno;Ninguno;0
05670;San Roque;05;Antioquia;Nordeste;0;0;0;0;Ninguno;Ninguno;0
05674;San Vicente;05;Antioquia;Oriente;0;0;0;0;Ninguno;Ninguno;0
05679;Santa Barbara;05;Antioquia;Suroeste;0;0;0;0;Ninguno;Ninguno;0
05686;Santa Rosa De Osos;05;Antioquia;Norte;0;0;0;0;Ninguno;Ninguno;0
05690;Santo Domingo;05;Antioquia;Nordeste;0;0;0;0;Ninguno;Ninguno;0
05697;Santuario;05;Antioquia;Oriente;0;0;0;0;Ninguno;Ninguno;0
05736;Segovia;05;Antioquia;Nordeste;0;0;0;0;Ninguno;Ninguno;0
05756;Sonson;05;Antioquia;Oriente;0;0;0;0;Ninguno;Ninguno;0
05761;Sopetran;05;Antioquia;Occidente;0;0;0;0;Ninguno;Ninguno;0
05789;Támesis;05;Antioquia;Suroeste;0;0;0;0;Ninguno;Ninguno;0
05790;Tarazá;05;Antioquia;Bajo Cauca;0;0;0;0;Ninguno;Ninguno;0
05792;Tarso;05;Antioquia;Suroeste;0;0;0;0;Ninguno;Ninguno;0
05809;Titiribí;05;Antioquia;Suroeste;0;0;0;0;Ninguno;Ninguno;0
05819;Toledo;05;Antioquia;Norte;0;0;0;0;Ninguno;Ninguno;0
05837;Turbo;05;Antioquia;Uraba;0;0;0;0;Ninguno;Ninguno;0
05842;Uramita;05;Antioquia;Occidente;0;0;0;0;Ninguno;Ninguno;0
05847;Urrao;05;Antioquia;Suroeste;0;0;0;0;Ninguno;Ninguno;0
05854;Valdivia;05;Antioquia;Norte;0;0;0;0;Ninguno;Ninguno;0
05856;Valparaiso;05;Antioquia;Suroeste;0;0;0;0;Ninguno;Ninguno;0
05858;Vegachí;05;Antioquia;Nordeste;0;0;0;0;Ninguno;Ninguno;0
05861;Venecia;05;Antioquia;Suroeste;0;0;0;0;Ninguno;Ninguno;0
05873;Vigía Del Fuerte;05;Antioquia;Uraba;0;0;0;0;Ninguno;Ninguno;0
05885;Yalí;05;Antioquia;Nordeste;0;0;0;0;Ninguno;Ninguno;0
05887;Yarumal;05;Antioquia;Norte;0;0;0;0;Ninguno;Ninguno;0
05890;Yolombó;05;Antioquia;Nordeste;0;0;0;0;Ninguno;Ninguno;0
05893;Yondó;05;Antioquia;Magdalena Medio;0;0;0;0;Ninguno;Ninguno;0
05895;Zaragoza;05;Antioquia;Bajo Cauca;0;0;0;0;Ninguno;Ninguno;0
08001;Barranquilla;08;Atlántico;Norte;0;0;0;0;Ninguno;Ninguno;0
08078;Baranoa;08;Atlántico;Centro Oriente;0;0;0;0;Ninguno;Ninguno;0
08137;Campo De La Cruz;08;Atlántico;Sur;0;0;0;0;Ninguno;Ninguno;0
08141;Candelaria;08;Atlántico;Sur;0;0;0;0;Ninguno;Ninguno;0
08296;Galapa;08;Atlántico;Norte;0;0;0;0;Ninguno;Ninguno;0
08372;Juan De Acosta;08;Atlántico;Occidental;0;0;0;0;Ninguno;Ninguno;0
08421;Luruaco;08;Atlántico;Sur;0;0;0;0;Ninguno;Ninguno;0
08433;Malambo;08;Atlántico;Norte;0;0;0;0;Ninguno;Ninguno;0
08436;Manati;08;Atlántico;Sur;0;0;0;0;Ninguno;Ninguno;0
08520;Palmar De Varela;08;Atlántico;Centro Oriente;0;0;0;0;Ninguno;Ninguno;0
08549;Piojó;08;Atlántico;Occidental;0;0;0;0;Ninguno;Ninguno;0
08558;Polonuevo;08;Atlántico;Centro Oriente;0;0;0;0;Ninguno;Ninguno;0
08560;Ponedera;08;Atlántico;Centro Oriente;0;0;0;0;Ninguno;Ninguno;0
08573;Puerto Colombia;08;Atlántico;Norte;0;0;0;0;Ninguno;Ninguno;0
08606;Repelon;08;Atlántico;Sur;0;0;0;0;Ninguno;Ninguno;0
08634;Sabanagrande;08;Atlántico;Centro Oriente;0;0;0;0;Ninguno;Ninguno;0
08638;Sabanalarga;08;Atlántico;Centro Oriente;0;0;0;0;Ninguno;Ninguno;0
08675;Santa Lucia;08;Atlántico;Sur;0;0;0;0;Ninguno;Ninguno;0
08685;Santo Tomas;08;Atlántico;Centro Oriente;0;0;0;0;Ninguno;Ninguno;0
08758;Soledad;08;Atlántico;Norte;0;0;0;0;Ninguno;Ninguno;0
08770;Suan;08;Atlántico;Sur;0;0;0;0;Ninguno;Ninguno;0
08832;Tubara;08;Atlántico;Occidental;0;0;0;0;Ninguno;Ninguno;0
08849;Usiacuri;08;Atlántico;Occidental;0;0;0;0;Ninguno;Ninguno;0
11001;Bogotá, D.C.;11;Bogotá D.C.;Bogota;1;0;1;0;Bogotá, D.C.;Oferta_Demanda;1
13001;Cartagena;13;Bolivar;Dique Bolivarense;0;0;0;0;Ninguno;Ninguno;0
13006;Achí;13;Bolivar;Mojana Bolivarense;0;0;0;0;Ninguno;Ninguno;0
13030;Altos Del Rosario;13;Bolivar;Loba;0;0;0;0;Ninguno;Ninguno;0
13042;Arenal;13;Bolivar;Magdalena Medio Bolivarense;0;0;0;0;Ninguno;Ninguno;0
13052;Arjona;13;Bolivar;Dique Bolivarense;0;0;0;0;Ninguno;Ninguno;0
13062;Arroyohondo;13;Bolivar;Dique Bolivarense;0;0;0;0;Ninguno;Ninguno;0
13074;Barranco De Loba;13;Bolivar;Loba;0;0;0;0;Ninguno;Ninguno;0
13140;Calamar;13;Bolivar;Dique Bolivarense;0;0;0;0;Ninguno;Ninguno;0
13160;Cantagallo;13;Bolivar;Magdalena Medio Bolivarense;0;0;0;0;Ninguno;Ninguno;0
13188;Cicuco;13;Bolivar;Depresion Momposina;0;0;0;0;Ninguno;Ninguno;0
13212;Córdoba;13;Bolivar;Montes De Maria;0;0;0;0;Ninguno;Ninguno;0
13222;Clemencia;13;Bolivar;Dique Bolivarense;0;0;0;0;Ninguno;Ninguno;0
13244;Carmen De Bolívar;13;Bolivar;Montes De Maria;0;0;0;0;Ninguno;Ninguno;0
13248;El Guamo;13;Bolivar;Montes De Maria;0;0;0;0;Ninguno;Ninguno;0
13268;El Peñon;13;Bolivar;Loba;0;0;0;0;Ninguno;Ninguno;0
13300;Hatillo De Loba;13;Bolivar;Depresion Momposina;0;0;0;0;Ninguno;Ninguno;0
13430;Magangué;13;Bolivar;Mojana Bolivarense;0;0;0;0;Ninguno;Ninguno;0
13433;Mahates;13;Bolivar;Dique Bolivarense;0;0;0;0;Ninguno;Ninguno;0
13440;Margarita;13;Bolivar;Depresion Momposina;0;0;0;0;Ninguno;Ninguno;0
13442;María La Baja;13;Bolivar;Montes De Maria;0;0;0;0;Ninguno;Ninguno;0
13458;Montecristo;13;Bolivar;Mojana Bolivarense;0;0;0;0;Ninguno;Ninguno;0
13468;Mompós;13;Bolivar;Depresion Momposina;0;0;0;0;Ninguno;Ninguno;0
13473;Morales;13;Bolivar;Magdalena Medio Bolivarense;0;0;0;0;Ninguno;Ninguno;0
13490;Norosí;13;Bolívar;Loba;0;0;0;0;Ninguno;Ninguno;0
13549;Pinillos;13;Bolivar;Mojana Bolivarense;0;0;0;0;Ninguno;Ninguno;0
13580;Regidor;13;Bolivar;Loba;0;0;0;0;Ninguno;Ninguno;0
13600;Río Viejo;13;Bolivar;Loba;0;0;0;0;Ninguno;Ninguno;0
13620;San Cristobal;13;Bolivar;Dique Bolivarense;0;0;0;0;Ninguno;Ninguno;0
13647;San Estanislao;13;Bolivar;Dique Bolivarense;0;0;0;0;Ninguno;Ninguno;0
13650;San Fernando;13;Bolivar;Depresion Momposina;0;0;0;0;Ninguno;Ninguno;0
13654;San Jacinto;13;Bolivar;Montes De Maria;0;0;0;0;Ninguno;Ninguno;0
13655;San Jacinto Del Cauca;13;Bolivar;Mojana Bolivarense;0;0;0;0;Ninguno;Ninguno;0
13657;San Juan Nepomuceno;13;Bolivar;Montes De Maria;0;0;0;0;Ninguno;Ninguno;0
13667;San Martin De Loba;13;Bolivar;Loba;0;0;0;0;Ninguno;Ninguno;0
13670;San Pablo;13;Bolivar;Magdalena Medio Bolivarense;0;0;0;0;Ninguno;Ninguno;0
13673;Santa Catalina;13;Bolivar;Dique Bolivarense;0;0;0;0;Ninguno;Ninguno;0
13683;Santa Rosa De Lima;13;Bolivar;Dique Bolivarense;0;0;0;0;Ninguno;Ninguno;0
13688;Santa Rosa Del Sur;13;Bolivar;Magdalena Medio Bolivarense;0;0;0;0;Ninguno;Ninguno;0
13744;Simití;13;Bolivar;Magdalena Medio Bolivarense;0;0;0;0;Ninguno;Ninguno;0
13760;Soplaviento;13;Bolivar;Dique Bolivarense;0;0;0;0;Ninguno;Ninguno;0
13780;Talaigua Nuevo;13;Bolivar;Depresion Momposina;0;0;0;0;Ninguno;Ninguno;0
13810;Tiquisio;13;Bolivar;Mojana Bolivarense;0;0;0;0;Ninguno;Ninguno;0
13836;Turbaco;13;Bolivar;Dique Bolivarense;0;0;0;0;Ninguno;Ninguno;0
13838;Turbana;13;Bolivar;Dique Bolivarense;0;0;0;0;Ninguno;Ninguno;0
13873;Villanueva;13;Bolivar;Dique Bolivarense;0;0;0;0;Ninguno;Ninguno;0
13894;Zambrano;13;Bolivar;Montes De Maria;0;0;0;0;Ninguno;Ninguno;0
15001;Tunja;15;Boyacá;Centro;1;1;0;0;Ninguno;Oferta;1
15022;Almeida;15;Boyacá;Oriente;1;1;0;0;Ninguno;Ninguno;0
15047;Aquitania;15;Boyacá;Sugamuxi;1;1;0;0;Ninguno;Oferta;0
15051;Arcabuco;15;Boyacá;Ricaurte;1;1;0;0;Ninguno;Ninguno;0
15087;Belén;15;Boyacá;Tundama;1;1;0;0;Ninguno;Ninguno;0
15090;Berbeo;15;Boyacá;Lengupa;1;1;0;0;Ninguno;Ninguno;0
15092;Betéitiva;15;Boyacá;Valderrama;1;1;0;0;Ninguno;Ninguno;0
15097;Boavita;15;Boyacá;Norte;1;1;0;0;Ninguno;Ninguno;0
15104;Boyacá;15;Boyacá;Marquez;1;1;0;0;Ninguno;Ninguno;0
15106;Briceño;15;Boyacá;Occidente;1;1;0;0;Ninguno;Ninguno;0
15109;Buenavista;15;Boyacá;Occidente;1;1;0;0;Ninguno;Ninguno;0
15114;Busbanzá;15;Boyacá;Tundama;1;1;0;0;Ninguno;Ninguno;0
15131;Caldas;15;Boyacá;Occidente;1;1;0;0;Ninguno;Ninguno;0
15135;Campohermoso;15;Boyacá;Lengupa;1;1;0;0;Ninguno;Ninguno;0
15162;Cerinza;15;Boyacá;Tundama;1;1;0;0;Ninguno;Ninguno;0
15172;Chinavita;15;Boyacá;Neira;1;1;0;0;Ninguno;Ninguno;0
15176;Chiquinquirá;15;Boyacá;Occidente;1;1;0;0;Ninguno;Ninguno;0
15180;Chiscas;15;Boyacá;Gutierrez;1;1;0;0;Ninguno;Ninguno;0
15183;Chita;15;Boyacá;Valderrama;1;1;0;0;Ninguno;Ninguno;0
15185;Chitaraque;15;Boyacá;Ricaurte;1;1;0;0;Ninguno;Ninguno;0
15187;Chivatá;15;Boyacá;Centro;1;1;0;0;Ninguno;Ninguno;0
15189;Ciénega;15;Boyacá;Marquez;1;1;0;0;Ninguno;Ninguno;0
15204;Cómbita;15;Boyacá;Centro;1;1;0;0;Ninguno;Ninguno;0
15212;Coper;15;Boyacá;Occidente;1;1;0;0;Ninguno;Ninguno;0
15215;Corrales;15;Boyacá;Tundama;1;1;0;0;Ninguno;Ninguno;0
15218;Covarachía;15;Boyacá;Norte;1;1;0;0;Ninguno;Ninguno;0
15223;Cubará;15;Boyacá;Gutierrez;1;1;0;0;Ninguno;Ninguno;0
15224;Cucaita;15;Boyacá;Centro;1;1;0;0;Ninguno;Ninguno;0
15226;Cuítiva;15;Boyacá;Sugamuxi;1;1;0;0;Ninguno;Ninguno;0
15232;Chíquiza;15;Boyacá;Centro;1;1;0;0;Ninguno;Ninguno;0
15236;Chivor;15;Boyacá;Oriente;1;1;0;0;Ninguno;Ninguno;0
15238;Duitama;15;Boyacá;Tundama;1;1;0;0;Ninguno;Oferta;1
15244;El Cocuy;15;Boyacá;Gutierrez;1;1;0;0;Ninguno;Ninguno;0
15248;El Espino;15;Boyacá;Gutierrez;1;1;0;0;Ninguno;Ninguno;0
15272;Firavitoba;15;Boyacá;Sugamuxi;1;1;0;0;Ninguno;Ninguno;0
15276;Floresta;15;Boyacá;Tundama;1;1;0;0;Ninguno;Ninguno;0
15293;Gachantivá;15;Boyacá;Ricaurte;1;1;0;0;Ninguno;Ninguno;0
15296;Gámeza;15;Boyacá;Sugamuxi;1;1;0;0;Ninguno;Ninguno;0
15299;Garagoa;15;Boyacá;Neira;1;1;0;0;Ninguno;Ninguno;0
15317;Guacamayas;15;Boyacá;Gutierrez;1;1;0;0;Ninguno;Ninguno;0
15322;Guateque;15;Boyacá;Oriente;1;1;0;0;Ninguno;Ninguno;0
15325;Guayatá;15;Boyacá;Oriente;1;1;0;0;Ninguno;Ninguno;0
15332;Güicán De La Sierra;15;Boyacá;Gutierrez;1;1;0;0;Ninguno;Ninguno;0
15362;Iza;15;Boyacá;Sugamuxi;1;1;0;0;Ninguno;Ninguno;0
15367;Jenesano;15;Boyacá;Marquez;1;1;0;0;Ninguno;Ninguno;0
15368;Jericó;15;Boyacá;Valderrama;1;1;0;0;Ninguno;Ninguno;0
15377;Labranzagrande;15;Boyacá;La Libertad;1;1;0;0;Ninguno;Ninguno;0
15380;La Capilla;15;Boyacá;Oriente;1;1;0;0;Ninguno;Ninguno;0
15401;La Victoria;15;Boyacá;Occidente;1;1;0;0;Ninguno;Ninguno;0
15403;La Uvita;15;Boyacá;Norte;1;1;0;0;Ninguno;Ninguno;0
15407;Villa De Leiva;15;Boyacá;Ricaurte;1;1;0;0;Ninguno;Oferta;1
15425;Macanal;15;Boyacá;Neira;1;1;0;0;Ninguno;Ninguno;0
15442;Maripí;15;Boyacá;Occidente;1;1;0;0;Ninguno;Ninguno;0
15455;Miraflores;15;Boyacá;Lengupa;1;1;0;0;Ninguno;Ninguno;0
15464;Mongua;15;Boyacá;Sugamuxi;1;1;0;0;Ninguno;Ninguno;0
15466;Monguí;15;Boyacá;Sugamuxi;1;1;0;0;Ninguno;Ninguno;0
15469;Moniquirá;15;Boyacá;Ricaurte;1;1;0;0;Ninguno;Ninguno;0
15476;Motavita;15;Boyacá;Centro;1;1;0;0;Ninguno;Ninguno;0
15480;Muzo;15;Boyacá;Occidente;1;1;0;0;Ninguno;Ninguno;0
15491;Nobsa;15;Boyacá;Sugamuxi;1;1;0;0;Ninguno;Ninguno;0
15494;Nuevo Colón;15;Boyacá;Marquez;1;1;0;0;Ninguno;Ninguno;0
15500;Oicatá;15;Boyacá;Centro;1;1;0;0;Ninguno;Ninguno;0
15507;Otanche;15;Boyacá;Occidente;1;1;0;0;Ninguno;Ninguno;0
15511;Pachavita;15;Boyacá;Neira;1;1;0;0;Ninguno;Ninguno;0
15514;Páez;15;Boyacá;Lengupa;1;1;0;0;Ninguno;Ninguno;0
15516;Paipa;15;Boyacá;Tundama;1;1;0;0;Ninguno;Ninguno;0
15518;Pajarito;15;Boyacá;La Libertad;1;1;0;0;Ninguno;Ninguno;0
15522;Panqueba;15;Boyacá;Gutierrez;1;1;0;0;Ninguno;Ninguno;0
15531;Pauna;15;Boyacá;Occidente;1;1;0;0;Ninguno;Ninguno;0
15533;Paya;15;Boyacá;La Libertad;1;1;0;0;Ninguno;Ninguno;0
15537;Paz De Rio;15;Boyacá;Valderrama;1;1;0;0;Ninguno;Ninguno;0
15542;Pesca;15;Boyacá;Sugamuxi;1;1;0;0;Ninguno;Ninguno;0
15550;Pisba;15;Boyacá;La Libertad;1;1;0;0;Ninguno;Ninguno;0
15572;Puerto Boyacá;15;Boyacá;Occidente;1;1;0;0;Ninguno;Ninguno;0
15580;Quípama;15;Boyacá;Occidente;1;1;0;0;Ninguno;Ninguno;0
15599;Ramiriquí;15;Boyacá;Marquez;1;1;0;0;Ninguno;Ninguno;0
15600;Ráquira;15;Boyacá;Ricaurte;1;1;0;0;Ninguno;Ninguno;0
15621;Rondón;15;Boyacá;Marquez;1;1;0;0;Ninguno;Ninguno;0
15632;Saboyá;15;Boyacá;Occidente;1;1;0;0;Ninguno;Ninguno;0
15638;Sáchica;15;Boyacá;Ricaurte;1;1;0;0;Ninguno;Oferta;0
15646;Samacá;15;Boyacá;Centro;1;1;0;0;Ninguno;Oferta;1
15660;San Eduardo;15;Boyacá;Lengupa;1;1;0;0;Ninguno;Ninguno;0
15664;San José De Pare;15;Boyacá;Ricaurte;1;1;0;0;Ninguno;Ninguno;0
15667;San Luis De Gaceno;15;Boyacá;Neira;1;1;0;0;Ninguno;Ninguno;0
15673;San Mateo;15;Boyacá;Norte;1;1;0;0;Ninguno;Ninguno;0
15676;San Miguel De Sema;15;Boyacá;Occidente;1;1;0;0;Ninguno;Ninguno;0
15681;San Pablo De Borbur;15;Boyacá;Occidente;1;1;0;0;Ninguno;Ninguno;0
15686;Santana;15;Boyacá;Ricaurte;1;1;0;0;Ninguno;Ninguno;0
15690;Santa María;15;Boyacá;Neira;1;1;0;0;Ninguno;Ninguno;0
15693;Santa Rosa De Viterbo;15;Boyacá;Tundama;1;1;0;0;Ninguno;Ninguno;0
15696;Santa Sofía;15;Boyacá;Ricaurte;1;1;0;0;Ninguno;Oferta;0
15720;Sativanorte;15;Boyacá;Norte;1;1;0;0;Ninguno;Ninguno;0
15723;Sativasur;15;Boyacá;Norte;1;1;0;0;Ninguno;Ninguno;0
15740;Siachoque;15;Boyacá;Centro;1;1;0;0;Ninguno;Ninguno;0
15753;Soatá;15;Boyacá;Norte;1;1;0;0;Ninguno;Ninguno;0
15755;Socotá;15;Boyacá;Valderrama;1;1;0;0;Ninguno;Ninguno;0
15757;Socha;15;Boyacá;Valderrama;1;1;0;0;Ninguno;Ninguno;0
15759;Sogamoso;15;Boyacá;Sugamuxi;1;1;0;0;Ninguno;Oferta;1
15761;Somondoco;15;Boyacá;Oriente;1;1;0;0;Ninguno;Ninguno;0
15762;Sora;15;Boyacá;Centro;1;1;0;0;Ninguno;Ninguno;0
15763;Sotaquirá;15;Boyacá;Centro;1;1;0;0;Ninguno;Oferta;0
15764;Soracá;15;Boyacá;Centro;1;1;0;0;Ninguno;Ninguno;0
15774;Susacón;15;Boyacá;Norte;1;1;0;0;Ninguno;Ninguno;0
15776;Sutamarchán;15;Boyacá;Ricaurte;1;1;0;0;Ninguno;Ninguno;0
15778;Sutatenza;15;Boyacá;Oriente;1;1;0;0;Ninguno;Ninguno;0
15790;Tasco;15;Boyacá;Valderrama;1;1;0;0;Ninguno;Ninguno;0
15798;Tenza;15;Boyacá;Oriente;1;1;0;0;Ninguno;Ninguno;0
15804;Tibaná;15;Boyacá;Marquez;1;1;0;0;Ninguno;Ninguno;0
15806;Tibasosa;15;Boyacá;Sugamuxi;1;1;0;0;Ninguno;Ninguno;0
15808;Tinjacá;15;Boyacá;Ricaurte;1;1;0;0;Ninguno;Ninguno;0
15810;Tipacoque;15;Boyacá;Norte;1;1;0;0;Ninguno;Ninguno;0
15814;Toca;15;Boyacá;Centro;1;1;0;0;Ninguno;Oferta;0
15816;Togüí;15;Boyacá;Ricaurte;1;1;0;0;Ninguno;Ninguno;0
15820;Tópaga;15;Boyacá;Sugamuxi;1;1;0;0;Ninguno;Ninguno;0
15822;Tota;15;Boyacá;Sugamuxi;1;1;0;0;Ninguno;Ninguno;0
15832;Tununguá;15;Boyacá;Occidente;1;1;0;0;Ninguno;Ninguno;0
15835;Turmequé;15;Boyacá;Marquez;1;1;0;0;Ninguno;Ninguno;0
15837;Tuta;15;Boyacá;Centro;1;1;0;0;Ninguno;Ninguno;0
15839;Tutazá;15;Boyacá;Tundama;1;1;0;0;Ninguno;Ninguno;0
15842;Úmbita;15;Boyacá;Marquez;1;1;0;0;Ninguno;Ninguno;0
15861;Ventaquemada;15;Boyacá;Centro;1;1;0;0;Ninguno;Ninguno;0
15879;Viracachá;15;Boyacá;Marquez;1;1;0;0;Ninguno;Ninguno;0
15897;Zetaquirá;15;Boyacá;Lengupa;1;1;0;0;Ninguno;Ninguno;0
17001;Manizales;17;Caldas;Centro;0;0;0;0;Ninguno;Ninguno;0
17013;Aguadas;17;Caldas;Norte;0;0;0;0;Ninguno;Ninguno;0
17042;Anserma;17;Caldas;Bajo Occidente;0;0;0;0;Ninguno;Ninguno;0
17050;Aranzazu;17;Caldas;Norte;0;0;0;0;Ninguno;Ninguno;0
17088;Belalcázar;17;Caldas;Bajo Occidente;0;0;0;0;Ninguno;Ninguno;0
17174;Chinchina;17;Caldas;Centro;0;0;0;0;Ninguno;Ninguno;0
17272;Filadelfia;17;Caldas;Alto Occidente;0;0;0;0;Ninguno;Ninguno;0
17380;La Dorada;17;Caldas;Oriente;0;0;0;0;Ninguno;Ninguno;0
17388;La Merced;17;Caldas;Alto Occidente;0;0;0;0;Ninguno;Ninguno;0
17433;Manzanares;17;Caldas;Alto Oriente;0;0;0;0;Ninguno;Ninguno;0
17442;Marmato;17;Caldas;Alto Occidente;0;0;0;0;Ninguno;Ninguno;0
17444;Marquetalia;17;Caldas;Alto Oriente;0;0;0;0;Ninguno;Ninguno;0
17446;Marulanda;17;Caldas;Alto Oriente;0;0;0;0;Ninguno;Ninguno;0
17486;Neira;17;Caldas;Centro;0;0;0;0;Ninguno;Ninguno;0
17495;Norcasia;17;Caldas;Oriente;0;0;0;0;Ninguno;Ninguno;0
17513;Pácora;17;Caldas;Norte;0;0;0;0;Ninguno;Ninguno;0
17524;Palestina;17;Caldas;Centro;0;0;0;0;Ninguno;Ninguno;0
17541;Pensilvania;17;Caldas;Alto Oriente;0;0;0;0;Ninguno;Ninguno;0
17614;Riosucio;17;Caldas;Alto Occidente;0;0;0;0;Ninguno;Ninguno;0
17616;Risaralda;17;Caldas;Bajo Occidente;0;0;0;0;Ninguno;Ninguno;0
17653;Salamina;17;Caldas;Norte;0;0;0;0;Ninguno;Ninguno;0
17662;Samaná;17;Caldas;Oriente;0;0;0;0;Ninguno;Ninguno;0
17665;San José;17;Caldas;Bajo Occidente;0;0;0;0;Ninguno;Ninguno;0
17777;Supía;17;Caldas;Alto Occidente;0;0;0;0;Ninguno;Ninguno;0
17867;Victoria;17;Caldas;Oriente;0;0;0;0;Ninguno;Ninguno;0
17873;Villamaria;17;Caldas;Centro;0;0;0;0;Ninguno;Ninguno;0
17877;Viterbo;17;Caldas;Bajo Occidente;0;0;0;0;Ninguno;Ninguno;0
18001;Florencia;18;Caqueta;Caqueta;0;0;0;0;Ninguno;Ninguno;0
18029;Albania;18;Caqueta;Caqueta;0;0;0;0;Ninguno;Ninguno;0
18094;Belén De Los Andaquies;18;Caqueta;Caqueta;0;0;0;0;Ninguno;Ninguno;0
18150;Cartagena Del Chairá;18;Caqueta;Caqueta;0;0;0;0;Ninguno;Ninguno;0
18205;Currillo;18;Caqueta;Caqueta;0;0;0;0;Ninguno;Ninguno;0
18247;El Doncello;18;Caqueta;Caqueta;0;0;0;0;Ninguno;Ninguno;0
18256;El Paujil;18;Caqueta;Caqueta;0;0;0;0;Ninguno;Ninguno;0
18410;La Montañita;18;Caqueta;Caqueta;0;0;0;0;Ninguno;Ninguno;0
18460;Milan;18;Caqueta;Caqueta;0;0;0;0;Ninguno;Ninguno;0
18479;Morelia;18;Caqueta;Caqueta;0;0;0;0;Ninguno;Ninguno;0
18592;Puerto Rico;18;Caqueta;Caqueta;0;0;0;0;Ninguno;Ninguno;0
18610;San Jose Del Fragua;18;Caqueta;Caqueta;0;0;0;0;Ninguno;Ninguno;0
18753;San Vicente Del Caguán;18;Caqueta;Caqueta;0;0;0;0;Ninguno;Ninguno;0
18756;Solano;18;Caqueta;Caqueta;0;0;0;0;Ninguno;Ninguno;0
18785;Solita;18;Caqueta;Caqueta;0;0;0;0;Ninguno;Ninguno;0
18860;Valparaiso;18;Caqueta;Caqueta;0;0;0;0;Ninguno;Ninguno;0
19001;Popayán;19;Cauca;Centro;0;0;0;0;Ninguno;Ninguno;0
19022;Almaguer;19;Cauca;Sur ;0;0;0;0;Ninguno;Ninguno;0
19050;Argelia;19;Cauca;Sur ;0;0;0;0;Ninguno;Ninguno;0
19075;Balboa;19;Cauca;Sur ;0;0;0;0;Ninguno;Ninguno;0
19100;Bolívar;19;Cauca;Sur ;0;0;0;0;Ninguno;Ninguno;0
19110;Buenos Aires;19;Cauca;Norte;0;0;0;0;Ninguno;Ninguno;0
19130;Cajibío;19;Cauca;Centro;0;0;0;0;Ninguno;Ninguno;0
19137;Caldono;19;Cauca;Oriente;0;0;0;0;Ninguno;Ninguno;0
19142;Caloto;19;Cauca;Norte;0;0;0;0;Ninguno;Ninguno;0
19212;Corinto;19;Cauca;Norte;0;0;0;0;Ninguno;Ninguno;0
19256;El Tambo;19;Cauca;Centro;0;0;0;0;Ninguno;Ninguno;0
19290;Florencia;19;Cauca;Sur ;0;0;0;0;Ninguno;Ninguno;0
19300;Guachené;19;Cauca;Norte;0;0;0;0;Ninguno;Ninguno;0
19318;Guapi;19;Cauca;Occidente;0;0;0;0;Ninguno;Ninguno;0
19355;Inzá;19;Cauca;Oriente;0;0;0;0;Ninguno;Ninguno;0
19364;Jambalo;19;Cauca;Oriente;0;0;0;0;Ninguno;Ninguno;0
19392;La Sierra;19;Cauca;Centro;0;0;0;0;Ninguno;Ninguno;0
19397;La Vega;19;Cauca;Sur ;0;0;0;0;Ninguno;Ninguno;0
19418;Lopez;19;Cauca;Occidente;0;0;0;0;Ninguno;Ninguno;0
19450;Mercaderes;19;Cauca;Sur ;0;0;0;0;Ninguno;Ninguno;0
19455;Miranda;19;Cauca;Norte;0;0;0;0;Ninguno;Ninguno;0
19473;Morales;19;Cauca;Centro;0;0;0;0;Ninguno;Ninguno;0
19513;Padilla;19;Cauca;Norte;0;0;0;0;Ninguno;Ninguno;0
19517;Paez;19;Cauca;Oriente;0;0;0;0;Ninguno;Ninguno;0
19532;Patia;19;Cauca;Sur ;0;0;0;0;Ninguno;Ninguno;0
19533;Piamonte;19;Cauca;Sur ;0;0;0;0;Ninguno;Ninguno;0
19548;Piendamo;19;Cauca;Centro;0;0;0;0;Ninguno;Ninguno;0
19573;Puerto Tejada;19;Cauca;Norte;0;0;0;0;Ninguno;Ninguno;0
19585;Purace;19;Cauca;Oriente;0;0;0;0;Ninguno;Ninguno;0
19622;Rosas;19;Cauca;Centro;0;0;0;0;Ninguno;Ninguno;0
19693;San Sebastian;19;Cauca;Sur ;0;0;0;0;Ninguno;Ninguno;0
19698;Santander De Quilichao;19;Cauca;Norte;0;0;0;0;Ninguno;Ninguno;0
19701;Santa Rosa;19;Cauca;Sur ;0;0;0;0;Ninguno;Ninguno;0
19743;Silvia;19;Cauca;Oriente;0;0;0;0;Ninguno;Ninguno;0
19760;Sotara;19;Cauca;Centro;0;0;0;0;Ninguno;Ninguno;0
19780;Suarez;19;Cauca;Norte;0;0;0;0;Ninguno;Ninguno;0
19785;Sucre;19;Cauca;Sur ;0;0;0;0;Ninguno;Ninguno;0
19807;Timbio;19;Cauca;Centro;0;0;0;0;Ninguno;Ninguno;0
19809;Timbiqui;19;Cauca;Occidente;0;0;0;0;Ninguno;Ninguno;0
19821;Toribio;19;Cauca;Oriente;0;0;0;0;Ninguno;Ninguno;0
19824;Totoro;19;Cauca;Oriente;0;0;0;0;Ninguno;Ninguno;0
19845;Villa Rica;19;Cauca;Norte;0;0;0;0;Ninguno;Ninguno;0
20001;Valledupar;20;Cesar;Norte;0;0;0;0;Ninguno;Ninguno;0
20011;Aguachica;20;Cesar;Sur ;0;0;0;0;Ninguno;Ninguno;0
20013;Agustín Codazzi;20;Cesar;Norte;0;0;0;0;Ninguno;Ninguno;0
20032;Astrea;20;Cesar;Noroccidental;0;0;0;0;Ninguno;Ninguno;0
20045;Becerril;20;Cesar;Central;0;0;0;0;Ninguno;Ninguno;0
20060;Bosconia;20;Cesar;Noroccidental;0;0;0;0;Ninguno;Ninguno;0
20175;Chimichagua;20;Cesar;Central;0;0;0;0;Ninguno;Ninguno;0
20178;Chiriguana;20;Cesar;Central;0;0;0;0;Ninguno;Ninguno;0
20228;Curumaní;20;Cesar;Central;0;0;0;0;Ninguno;Ninguno;0
20238;El Copey;20;Cesar;Noroccidental;0;0;0;0;Ninguno;Ninguno;0
20250;El Paso;20;Cesar;Noroccidental;0;0;0;0;Ninguno;Ninguno;0
20295;Gamarra;20;Cesar;Sur ;0;0;0;0;Ninguno;Ninguno;0
20310;González;20;Cesar;Sur ;0;0;0;0;Ninguno;Ninguno;0
20383;La Gloria;20;Cesar;Sur ;0;0;0;0;Ninguno;Ninguno;0
20400;La Jagua De Ibirico;20;Cesar;Central;0;0;0;0;Ninguno;Ninguno;0
20443;Manaure;20;Cesar;Norte;0;0;0;0;Ninguno;Ninguno;0
20517;Pailitas;20;Cesar;Central;0;0;0;0;Ninguno;Ninguno;0
20550;Pelaya;20;Cesar;Sur ;0;0;0;0;Ninguno;Ninguno;0
20570;Pueblo Bello;20;Cesar;Norte;0;0;0;0;Ninguno;Ninguno;0
20614;Río De Oro;20;Cesar;Sur ;0;0;0;0;Ninguno;Ninguno;0
20621;La Paz;20;Cesar;Norte;0;0;0;0;Ninguno;Ninguno;0
20710;San Alberto;20;Cesar;Sur ;0;0;0;0;Ninguno;Ninguno;0
20750;San Diego;20;Cesar;Norte;0;0;0;0;Ninguno;Ninguno;0
20770;San Martín;20;Cesar;Sur ;0;0;0;0;Ninguno;Ninguno;0
20787;Tamalameque;20;Cesar;Central;0;0;0;0;Ninguno;Ninguno;0
23001;Montería;23;Córdoba;Centro;0;0;0;0;Ninguno;Ninguno;0
23068;Ayapel;23;Córdoba;San Jorge;0;0;0;0;Ninguno;Ninguno;0
23079;Buenavista;23;Córdoba;San Jorge;0;0;0;0;Ninguno;Ninguno;0
23090;Canalete;23;Córdoba;Costanera;0;0;0;0;Ninguno;Ninguno;0
23162;Cereté;23;Córdoba;Sinu Medio;0;0;0;0;Ninguno;Ninguno;0
23168;Chimá;23;Córdoba;Bajo Sinu;0;0;0;0;Ninguno;Ninguno;0
23182;Chinú;23;Córdoba;Sabanas;0;0;0;0;Ninguno;Ninguno;0
23189;Ciénaga De Oro;23;Córdoba;Sinu Medio;0;0;0;0;Ninguno;Ninguno;0
23300;Cotorra;23;Córdoba;Bajo Sinu;0;0;0;0;Ninguno;Ninguno;0
23350;La Apartada;23;Córdoba;San Jorge;0;0;0;0;Ninguno;Ninguno;0
23417;Lorica;23;Córdoba;Bajo Sinu;0;0;0;0;Ninguno;Ninguno;0
23419;Los Córdobas;23;Córdoba;Costanera;0;0;0;0;Ninguno;Ninguno;0
23464;Momil;23;Córdoba;Bajo Sinu;0;0;0;0;Ninguno;Ninguno;0
23466;Montelíbano;23;Córdoba;San Jorge;0;0;0;0;Ninguno;Ninguno;0
23500;Moñitos;23;Córdoba;Costanera;0;0;0;0;Ninguno;Ninguno;0
23555;Planeta Rica;23;Córdoba;San Jorge;0;0;0;0;Ninguno;Ninguno;0
23570;Pueblo Nuevo;23;Córdoba;San Jorge;0;0;0;0;Ninguno;Ninguno;0
23574;Puerto Escondido;23;Córdoba;Costanera;0;0;0;0;Ninguno;Ninguno;0
23580;Puerto Libertador;23;Córdoba;San Jorge;0;0;0;0;Ninguno;Ninguno;0
23586;Purísima;23;Córdoba;Bajo Sinu;0;0;0;0;Ninguno;Ninguno;0
23660;Sahagún;23;Córdoba;Sabanas;0;0;0;0;Ninguno;Ninguno;0
23670;San Andrés Sotavento;23;Córdoba;Sabanas;0;0;0;0;Ninguno;Ninguno;0
23672;San Antero;23;Córdoba;Costanera;0;0;0;0;Ninguno;Ninguno;0
23675;San Bernardo Del Viento;23;Córdoba;Costanera;0;0;0;0;Ninguno;Ninguno;0
23678;San Carlos;23;Córdoba;Sinu Medio;0;0;0;0;Ninguno;Ninguno;0
23682;San José de Uré;23;Córdoba;San Jorge;0;0;0;0;Ninguno;Ninguno;0
23686;San Pelayo;23;Córdoba;Sinu Medio;0;0;0;0;Ninguno;Ninguno;0
23807;Tierralta;23;Córdoba;Alto Sinu;0;0;0;0;Ninguno;Ninguno;0
23815;Tuchín;23;Córdoba;Sabanas;0;0;0;0;Ninguno;Ninguno;0
23855;Valencia;23;Córdoba;Alto Sinu;0;0;0;0;Ninguno;Ninguno;0
25001;Agua De Dios;25;Cundinamarca;Alto Magdalena;1;0;1;0;Suroccidental;Ninguno;0
25019;Albán;25;Cundinamarca;Gualiva;1;0;1;0;Occidental;Ninguno;0
25035;Anapoima;25;Cundinamarca;Tequendama;1;0;1;0;Suroccidental;Ninguno;0
25040;Anolaima;25;Cundinamarca;Tequendama;1;0;1;0;Occidental;Ninguno;0
25053;Arbeláez;25;Cundinamarca;Sumapaz;1;0;1;0;Suroccidental;Ninguno;0
25086;Beltrán;25;Cundinamarca;Magdalena Centro;1;0;1;0;Occidental;Ninguno;0
25095;Bituima;25;Cundinamarca;Magdalena Centro;1;0;1;0;Occidental;Ninguno;0
25099;Bojacá;25;Cundinamarca;Sabana Occidente;1;0;1;0;Occidental;Ninguno;0
25120;Cabrera;25;Cundinamarca;Sumapaz;1;0;1;0;Suroccidental;Ninguno;0
25123;Cachipay;25;Cundinamarca;Tequendama;1;0;1;0;Occidental;Ninguno;0
25126;Cajicá;25;Cundinamarca;Sabana Centro;1;0;1;1;Norte;Demanda;1
25148;Caparrapí;25;Cundinamarca;Bajo Magdalena;1;0;1;0;Noroccidental;Ninguno;0
25151;Cáqueza;25;Cundinamarca;Oriente;1;0;1;0;Oriente - Llanos;Oferta_Demanda;1
25154;Carmen De Carupa;25;Cundinamarca;Ubate;1;0;1;0;Norte;Ninguno;0
25168;Chaguaní;25;Cundinamarca;Magdalena Centro;1;0;1;0;Occidental;Ninguno;0
25175;Chía;25;Cundinamarca;Sabana Centro;1;0;1;1;Norte;Demanda;1
25178;Chipaque;25;Cundinamarca;Oriente;1;0;1;0;Oriente - Llanos;Oferta;1
25181;Choachí;25;Cundinamarca;Oriente;1;0;1;0;Oriente Guavio;Oferta;1
25183;Chocontá;25;Cundinamarca;Almeidas;1;0;1;0;Norte;Oferta_Demanda;1
25200;Cogua;25;Cundinamarca;Sabana Centro;1;0;1;0;Norte;Ninguno;0
25214;Cota;25;Cundinamarca;Sabana Occidente;1;0;1;1;Noroccidental;Oferta;1
25224;Cucunubá;25;Cundinamarca;Ubate;1;0;1;0;Norte;Ninguno;0
25245;El Colegio;25;Cundinamarca;Tequendama;1;0;1;0;Suroccidental;Ninguno;0
25258;El Peñón;25;Cundinamarca;Rio Negro;1;0;1;0;Norte;Ninguno;0
25260;El Rosal;25;Cundinamarca;Sabana Occidente;1;0;1;0;Noroccidental;Oferta;1
25269;Facatativá;25;Cundinamarca;Sabana Occidente;1;0;1;1;Occidental;Oferta_Demanda;1
25279;Fómeque;25;Cundinamarca;Oriente;1;0;1;0;Oriente Guavio;Oferta;1
25281;Fosca;25;Cundinamarca;Oriente;1;0;1;0;Oriente - Llanos;Ninguno;0
25286;Funza;25;Cundinamarca;Sabana Occidente;1;0;1;1;Occidental;Oferta_Demanda;1
25288;Fúquene;25;Cundinamarca;Ubate;1;0;1;0;Norte;Ninguno;0
25290;Fusagasugá;25;Cundinamarca;Sumapaz;1;0;1;0;Suroccidental;Oferta_Demanda;1
25293;Gachalá;25;Cundinamarca;Guavio;1;0;1;0;Oriente Guavio;Ninguno;0
25295;Gachancipá;25;Cundinamarca;Sabana Centro;1;0;1;0;Norte;Ninguno;0
25297;Gachetá;25;Cundinamarca;Guavio;1;0;1;0;Oriente Guavio;Demanda;1
25299;Gama;25;Cundinamarca;Guavio;1;0;1;0;Oriente Guavio;Ninguno;0
25307;Girardot;25;Cundinamarca;Alto Magdalena;1;0;1;0;Suroccidental;Demanda;1
25312;Granada;25;Cundinamarca;Sumapaz;1;0;1;0;Suroccidental;Oferta;1
25317;Guachetá;25;Cundinamarca;Ubate;1;0;1;0;Norte;Ninguno;0
25320;Guaduas;25;Cundinamarca;Bajo Magdalena;1;0;1;0;Noroccidental;Demanda;1
25322;Guasca;25;Cundinamarca;Guavio;1;0;1;0;Oriente Guavio;Oferta;1
25324;Guataquí;25;Cundinamarca;Alto Magdalena;1;0;1;0;Suroccidental;Ninguno;0
25326;Guatavita;25;Cundinamarca;Guavio;1;0;1;0;Oriente Guavio;Ninguno;0
25328;Guayabal De Síquima;25;Cundinamarca;Magdalena Centro;1;0;1;0;Occidental;Ninguno;0
25335;Guayabetal;25;Cundinamarca;Oriente;1;0;1;0;Oriente - Llanos;Ninguno;0
25339;Gutiérrez;25;Cundinamarca;Oriente;1;0;1;0;Oriente - Llanos;Ninguno;0
25368;Jerusalén;25;Cundinamarca;Alto Magdalena;1;0;1;0;Suroccidental;Ninguno;0
25372;Junín;25;Cundinamarca;Guavio;1;0;1;0;Oriente Guavio;Ninguno;0
25377;La Calera;25;Cundinamarca;Guavio;1;0;1;1;Oriente Guavio;Oferta_Demanda;1
25386;La Mesa;25;Cundinamarca;Tequendama;1;0;1;0;Suroccidental;Oferta_Demanda;1
25394;La Palma;25;Cundinamarca;Rio Negro;1;0;1;0;Noroccidental;Ninguno;0
25398;La Peña;25;Cundinamarca;Gualiva;1;0;1;0;Noroccidental;Ninguno;0
25402;La Vega;25;Cundinamarca;Gualiva;1;0;1;0;Noroccidental;Ninguno;0
25407;Lenguazaque;25;Cundinamarca;Ubate;1;0;1;0;Norte;Ninguno;0
25426;Machetá;25;Cundinamarca;Almeidas;1;0;1;0;Norte;Ninguno;0
25430;Madrid;25;Cundinamarca;Sabana Occidente;1;0;1;1;Occidental;Oferta_Demanda;1
25436;Manta;25;Cundinamarca;Almeidas;1;0;1;0;Norte;Ninguno;0
25438;Medina;25;Cundinamarca;Medina;1;0;1;0;Oriente - Llanos;Demanda;1
25473;Mosquera;25;Cundinamarca;Sabana Occidente;1;0;1;1;Occidental;Oferta_Demanda;1
25483;Nariño;25;Cundinamarca;Alto Magdalena;1;0;1;0;Suroccidental;Ninguno;0
25486;Nemocón;25;Cundinamarca;Sabana Centro;1;0;1;0;Norte;Ninguno;0
25488;Nilo;25;Cundinamarca;Alto Magdalena;1;0;1;0;Suroccidental;Ninguno;0
25489;Nimaima;25;Cundinamarca;Gualiva;1;0;1;0;Noroccidental;Ninguno;0
25491;Nocaima;25;Cundinamarca;Gualiva;1;0;1;0;Noroccidental;Ninguno;0
25506;Venecia;25;Cundinamarca;Sumapaz;1;0;1;0;Suroccidental;Ninguno;0
25513;Pacho;25;Cundinamarca;Rio Negro;1;0;1;0;Norte;Demanda;1
25518;Paime;25;Cundinamarca;Rio Negro;1;0;1;0;Norte;Ninguno;0
25524;Pandi;25;Cundinamarca;Sumapaz;1;0;1;0;Suroccidental;Ninguno;0
25530;Paratebueno;25;Cundinamarca;Medina;1;0;1;0;Oriente - Llanos;Ninguno;0
25535;Pasca;25;Cundinamarca;Sumapaz;1;0;1;0;Suroccidental;Oferta;1
25572;Puerto Salgar;25;Cundinamarca;Bajo Magdalena;1;0;1;0;Noroccidental;Ninguno;0
25580;Pulí;25;Cundinamarca;Magdalena Centro;1;0;1;0;Occidental;Ninguno;0
25592;Quebradanegra;25;Cundinamarca;Gualiva;1;0;1;0;Noroccidental;Ninguno;0
25594;Quetame;25;Cundinamarca;Oriente;1;0;1;0;Oriente - Llanos;Ninguno;0
25596;Quipile;25;Cundinamarca;Tequendama;1;0;1;0;Occidental;Ninguno;0
25599;Apulo;25;Cundinamarca;Tequendama;1;0;1;0;Suroccidental;Ninguno;0
25612;Ricaurte;25;Cundinamarca;Alto Magdalena;1;0;1;0;Suroccidental;Ninguno;0
25645;San Antonio Del Tequendama;25;Cundinamarca;Tequendama;1;0;1;0;Suroccidental;Ninguno;0
25649;San Bernardo;25;Cundinamarca;Sumapaz;1;0;1;0;Suroccidental;Oferta;1
25653;San Cayetano;25;Cundinamarca;Rio Negro;1;0;1;0;Norte;Ninguno;0
25658;San Francisco;25;Cundinamarca;Gualiva;1;0;1;0;Noroccidental;Ninguno;0
25662;San Juan De Rioseco;25;Cundinamarca;Magdalena Centro;1;0;1;0;Occidental;Demanda;1
25718;Sasaima;25;Cundinamarca;Gualiva;1;0;1;0;Occidental;Ninguno;0
25736;Sesquilé;25;Cundinamarca;Almeidas;1;0;1;0;Norte;Ninguno;0
25740;Sibaté;25;Cundinamarca;Soacha;1;0;1;0;Suroccidental;Ninguno;1
25743;Silvania;25;Cundinamarca;Sumapaz;1;0;1;0;Suroccidental;Oferta;1
25745;Simijaca;25;Cundinamarca;Ubate;1;0;1;0;Norte;Ninguno;0
25754;Soacha;25;Cundinamarca;Soacha;1;0;1;1;Suroccidental;Oferta_Demanda;1
25758;Sopó;25;Cundinamarca;Sabana Centro;1;0;1;0;Norte;Ninguno;0
25769;Subachoque;25;Cundinamarca;Sabana Occidente;1;0;1;0;Noroccidental;Oferta;1
25772;Suesca;25;Cundinamarca;Almeidas;1;0;1;0;Norte;Ninguno;0
25777;Supatá;25;Cundinamarca;Gualiva;1;0;1;0;Noroccidental;Ninguno;0
25779;Susa;25;Cundinamarca;Ubate;1;0;1;0;Norte;Ninguno;0
25781;Sutatausa;25;Cundinamarca;Ubate;1;0;1;0;Norte;Ninguno;0
25785;Tabio;25;Cundinamarca;Sabana Centro;1;0;1;0;Norte;Ninguno;0
25793;Tausa;25;Cundinamarca;Ubate;1;0;1;0;Norte;Oferta;1
25797;Tena;25;Cundinamarca;Tequendama;1;0;1;0;Suroccidental;Ninguno;0
25799;Tenjo;25;Cundinamarca;Sabana Occidente;1;0;1;0;Noroccidental;Ninguno;0
25805;Tibacuy;25;Cundinamarca;Sumapaz;1;0;1;0;Suroccidental;Ninguno;0
25807;Tibirita;25;Cundinamarca;Almeidas;1;0;1;0;Norte;Ninguno;0
25815;Tocaima;25;Cundinamarca;Alto Magdalena;1;0;1;0;Suroccidental;Ninguno;1
25817;Tocancipá;25;Cundinamarca;Sabana Centro;1;0;1;0;Norte;Oferta;0
25823;Topaipí;25;Cundinamarca;Rio Negro;1;0;1;0;Norte;Ninguno;0
25839;Ubalá;25;Cundinamarca;Guavio;1;0;1;0;Oriente Guavio;Ninguno;0
25841;Ubaque;25;Cundinamarca;Oriente;1;0;1;0;Oriente Guavio;Ninguno;0
25843;Ubaté;25;Cundinamarca;Ubate;1;0;1;0;Norte;Oferta_Demanda;1
25845;Une;25;Cundinamarca;Oriente;1;0;1;0;Oriente - Llanos;Oferta;1
25851;Útica;25;Cundinamarca;Gualiva;1;0;1;0;Noroccidental;Ninguno;0
25862;Vergara;25;Cundinamarca;Gualiva;1;0;1;0;Noroccidental;Ninguno;0
25867;Vianí;25;Cundinamarca;Magdalena Centro;1;0;1;0;Occidental;Ninguno;0
25871;Villagómez;25;Cundinamarca;Rio Negro;1;0;1;0;Norte;Ninguno;0
25873;Villapinzón;25;Cundinamarca;Almeidas;1;0;1;0;Norte;Oferta;1
25875;Villeta;25;Cundinamarca;Gualiva;1;0;1;0;Noroccidental;Demanda;1
25878;Viotá;25;Cundinamarca;Tequendama;1;0;1;0;Suroccidental;Ninguno;0
25885;Yacopí;25;Cundinamarca;Rio Negro;1;0;1;0;Noroccidental;Ninguno;0
25898;Zipacón;25;Cundinamarca;Sabana Occidente;1;0;1;0;Occidental;Ninguno;0
25899;Zipaquirá;25;Cundinamarca;Sabana Centro;1;0;1;1;Norte;Oferta_Demanda;1
27001;Quibdó;27;Chocó;Atrato;0;0;0;0;Ninguno;Ninguno;0
27006;Acandí;27;Chocó;Darien;0;0;0;0;Ninguno;Ninguno;0
27025;Alto Baudó;27;Chocó;Pacifico Sur;0;0;0;0;Ninguno;Ninguno;0
27050;Atrato;27;Chocó;Atrato;0;0;0;0;Ninguno;Ninguno;0
27073;Bagadó;27;Chocó;Atrato;0;0;0;0;Ninguno;Ninguno;0
27075;Bahía Solano;27;Chocó;Pacifico Norte;0;0;0;0;Ninguno;Ninguno;0
27077;Bajo Baudó;27;Chocó;Pacifico Sur;0;0;0;0;Ninguno;Ninguno;0
27086;Belén De Bajira;27;Chocó;Darien;0;0;0;0;Ninguno;Ninguno;0
27099;Bojaya;27;Chocó;Atrato;0;0;0;0;Ninguno;Ninguno;0
27135;Canton De San Pablo;27;Chocó;San Juan;0;0;0;0;Ninguno;Ninguno;0
27150;Carmén Del Darién;27;Chocó;Darien;0;0;0;0;Ninguno;Ninguno;0
27160;Certegui;27;Chocó;San Juan;0;0;0;0;Ninguno;Ninguno;0
27205;Condoto;27;Chocó;San Juan;0;0;0;0;Ninguno;Ninguno;0
27245;El Carmen De Atrato;27;Chocó;Atrato;0;0;0;0;Ninguno;Ninguno;0
27250;El Litoral Del San Juan;27;Chocó;Pacifico Sur;0;0;0;0;Ninguno;Ninguno;0
27361;Itsmina;27;Chocó;San Juan;0;0;0;0;Ninguno;Ninguno;0
27372;Juradó;27;Chocó;Pacifico Norte;0;0;0;0;Ninguno;Ninguno;0
27413;Lloró;27;Chocó;Atrato;0;0;0;0;Ninguno;Ninguno;0
27425;Medio Atrato;27;Chocó;Atrato;0;0;0;0;Ninguno;Ninguno;0
27430;Medio Baudó;27;Chocó;Pacifico Sur;0;0;0;0;Ninguno;Ninguno;0
27450;Medio San Juan;27;Chocó;San Juan;0;0;0;0;Ninguno;Ninguno;0
27491;Nóvita;27;Chocó;San Juan;0;0;0;0;Ninguno;Ninguno;0
27493;Nuevo Belén de Bajirá;27;Chocó;Atrato;0;0;0;0;Ninguno;Ninguno;0
27495;Nuquí;27;Chocó;Pacifico Norte;0;0;0;0;Ninguno;Ninguno;0
27580;Río Frío;27;Chocó;San Juan;0;0;0;0;Ninguno;Ninguno;0
27600;Rio Quito;27;Chocó;Atrato;0;0;0;0;Ninguno;Ninguno;0
27615;Riosucio;27;Chocó;Darien;0;0;0;0;Ninguno;Ninguno;0
27660;San José Del Palmar;27;Chocó;San Juan;0;0;0;0;Ninguno;Ninguno;0
27745;Sipí;27;Chocó;San Juan;0;0;0;0;Ninguno;Ninguno;0
27787;Tadó;27;Chocó;San Juan;0;0;0;0;Ninguno;Ninguno;0
27800;Unguía;27;Chocó;Darien;0;0;0;0;Ninguno;Ninguno;0
27810;Union Panamericana;27;Chocó;San Juan;0;0;0;0;Ninguno;Ninguno;0
41001;Neiva;41;Huila;Norte;1;1;0;0;Ninguno;Oferta;1
41006;Acevedo;41;Huila;Sur;1;1;0;0;Ninguno;Ninguno;0
41013;Agrado;41;Huila;Centro;1;1;0;0;Ninguno;Ninguno;0
41016;Aipe;41;Huila;Norte;1;1;0;0;Ninguno;Ninguno;0
41020;Algeciras;41;Huila;Norte;1;1;0;0;Ninguno;Ninguno;0
41026;Altamira;41;Huila;Centro;1;1;0;0;Ninguno;Ninguno;0
41078;Baraya;41;Huila;Norte;1;1;0;0;Ninguno;Ninguno;0
41132;Campoalegre;41;Huila;Norte;1;1;0;0;Ninguno;Ninguno;0
41206;Colombia;41;Huila;Norte;1;1;0;0;Ninguno;Ninguno;0
41244;Elías;41;Huila;Sur;1;1;0;0;Ninguno;Ninguno;0
41298;Garzón;41;Huila;Centro;1;1;0;0;Ninguno;Oferta;0
41306;Gigante;41;Huila;Centro;1;1;0;0;Ninguno;Ninguno;0
41319;Guadalupe;41;Huila;Centro;1;1;0;0;Ninguno;Ninguno;0
41349;Hobo;41;Huila;Norte;1;1;0;0;Ninguno;Ninguno;0
41357;Íquira;41;Huila;Norte;1;1;0;0;Ninguno;Ninguno;0
41359;Isnos;41;Huila;Sur;1;1;0;0;Ninguno;Ninguno;0
41378;La Argentina;41;Huila;Occidente;1;1;0;0;Ninguno;Ninguno;0
41396;La Plata;41;Huila;Occidente;1;1;0;0;Ninguno;Ninguno;0
41483;Nátaga;41;Huila;Occidente;1;1;0;0;Ninguno;Ninguno;0
41503;Oporapa;41;Huila;Sur;1;1;0;0;Ninguno;Ninguno;0
41518;Paicol;41;Huila;Occidente;1;1;0;0;Ninguno;Ninguno;0
41524;Palermo;41;Huila;Norte;1;1;0;0;Ninguno;Ninguno;0
41530;Palestina;41;Huila;Sur;1;1;0;0;Ninguno;Ninguno;0
41548;Pital;41;Huila;Centro;1;1;0;0;Ninguno;Ninguno;0
41551;Pitalito;41;Huila;Sur;1;1;0;0;Ninguno;Oferta;0
41615;Rivera;41;Huila;Norte;1;1;0;0;Ninguno;Ninguno;0
41660;Saladoblanco;41;Huila;Sur;1;1;0;0;Ninguno;Ninguno;0
41668;San Agustín;41;Huila;Sur;1;1;0;0;Ninguno;Ninguno;0
41676;Santa María;41;Huila;Norte;1;1;0;0;Ninguno;Ninguno;0
41770;Suaza;41;Huila;Centro;1;1;0;0;Ninguno;Ninguno;0
41791;Tarqui;41;Huila;Centro;1;1;0;0;Ninguno;Ninguno;0
41797;Tesalia;41;Huila;Occidente;1;1;0;0;Ninguno;Ninguno;0
41799;Tello;41;Huila;Norte;1;1;0;0;Ninguno;Ninguno;0
41801;Teruel;41;Huila;Norte;1;1;0;0;Ninguno;Ninguno;0
41807;Timaná;41;Huila;Sur;1;1;0;0;Ninguno;Ninguno;0
41872;Villavieja;41;Huila;Norte;1;1;0;0;Ninguno;Ninguno;0
41885;Yaguará;41;Huila;Norte;1;1;0;0;Ninguno;Ninguno;0
44001;Riohacha;44;La Guajira;Norte;0;0;0;0;Ninguno;Ninguno;0
44035;Albania;44;La Guajira;Norte;0;0;0;0;Ninguno;Ninguno;0
44078;Barrancas;44;La Guajira;Sur;0;0;0;0;Ninguno;Ninguno;0
44090;Dibulla;44;La Guajira;Norte;0;0;0;0;Ninguno;Ninguno;0
44098;Distraccion;44;La Guajira;Sur;0;0;0;0;Ninguno;Ninguno;0
44110;El Molino;44;La Guajira;Sur;0;0;0;0;Ninguno;Ninguno;0
44279;Fonseca;44;La Guajira;Sur;0;0;0;0;Ninguno;Ninguno;0
44378;Hatonuevo;44;La Guajira;Sur;0;0;0;0;Ninguno;Ninguno;0
44420;La Jagua Del Pilar;44;La Guajira;Sur;0;0;0;0;Ninguno;Ninguno;0
44430;Maicao;44;La Guajira;Norte;0;0;0;0;Ninguno;Ninguno;0
44560;Manaure;44;La Guajira;Norte;0;0;0;0;Ninguno;Ninguno;0
44650;San Juan Del Cesar;44;La Guajira;Sur;0;0;0;0;Ninguno;Ninguno;0
44847;Uribia;44;La Guajira;Norte;0;0;0;0;Ninguno;Ninguno;0
44855;Urumita;44;La Guajira;Sur;0;0;0;0;Ninguno;Ninguno;0
44874;Villanueva;44;La Guajira;Sur;0;0;0;0;Ninguno;Ninguno;0
47001;Santa Marta;47;Magdalena;Santa Marta;0;0;0;0;Ninguno;Ninguno;0
47030;Algarrobo;47;Magdalena;Norte;0;0;0;0;Ninguno;Ninguno;0
47053;Aracataca;47;Magdalena;Norte;0;0;0;0;Ninguno;Ninguno;0
47058;Ariguaní;47;Magdalena;Centro;0;0;0;0;Ninguno;Ninguno;0
47161;Cerro San Antonio;47;Magdalena;Rio;0;0;0;0;Ninguno;Ninguno;0
47170;Chibolo;47;Magdalena;Centro;0;0;0;0;Ninguno;Ninguno;0
47189;Ciénaga;47;Magdalena;Norte;0;0;0;0;Ninguno;Ninguno;0
47205;Concordia;47;Magdalena;Rio;0;0;0;0;Ninguno;Ninguno;0
47245;El Banco;47;Magdalena;Sur;0;0;0;0;Ninguno;Ninguno;0
47258;El Piñon;47;Magdalena;Rio;0;0;0;0;Ninguno;Ninguno;0
47268;El Reten;47;Magdalena;Norte;0;0;0;0;Ninguno;Ninguno;0
47288;Fundacion;47;Magdalena;Norte;0;0;0;0;Ninguno;Ninguno;0
47318;Guamal;47;Magdalena;Sur;0;0;0;0;Ninguno;Ninguno;0
47460;Nueva Granada;47;Magdalena;Centro;0;0;0;0;Ninguno;Ninguno;0
47541;Pedraza;47;Magdalena;Rio;0;0;0;0;Ninguno;Ninguno;0
47545;Pijiño Del Carmen;47;Magdalena;Sur;0;0;0;0;Ninguno;Ninguno;0
47551;Pivijay;47;Magdalena;Rio;0;0;0;0;Ninguno;Ninguno;0
47555;Plato;47;Magdalena;Centro;0;0;0;0;Ninguno;Ninguno;0
47570;Pueblo Viejo;47;Magdalena;Norte;0;0;0;0;Ninguno;Ninguno;0
47605;Remolino;47;Magdalena;Rio;0;0;0;0;Ninguno;Ninguno;0
47660;Sabanas De San Angel;47;Magdalena;Centro;0;0;0;0;Ninguno;Ninguno;0
47675;Salamina;47;Magdalena;Rio;0;0;0;0;Ninguno;Ninguno;0
47692;San Sebastian De Buenavista;47;Magdalena;Sur;0;0;0;0;Ninguno;Ninguno;0
47703;San Zenon;47;Magdalena;Sur;0;0;0;0;Ninguno;Ninguno;0
47707;Santa Ana;47;Magdalena;Sur;0;0;0;0;Ninguno;Ninguno;0
47720;Santa Barbara De Pinto;47;Magdalena;Sur;0;0;0;0;Ninguno;Ninguno;0
47745;Sitionuevo;47;Magdalena;Rio;0;0;0;0;Ninguno;Ninguno;0
47798;Tenerife;47;Magdalena;Centro;0;0;0;0;Ninguno;Ninguno;0
47960;Zapayan;47;Magdalena;Rio;0;0;0;0;Ninguno;Ninguno;0
47980;Zona Bananera;47;Magdalena;Norte;0;0;0;0;Ninguno;Ninguno;0
50001;Villavicencio;50;Meta;Capital;1;1;0;0;Ninguno;Oferta;1
50006;Acacías;50;Meta;Piedemonte;1;1;0;0;Ninguno;Ninguno;0
50110;Barranca De Upía;50;Meta;Piedemonte;1;1;0;0;Ninguno;Ninguno;0
50124;Cabuyaro;50;Meta;Rio Meta;1;1;0;0;Ninguno;Ninguno;0
50150;Castilla La Nueva;50;Meta;Piedemonte;1;1;0;0;Ninguno;Ninguno;0
50223;Cubarral;50;Meta;Piedemonte;1;1;0;0;Ninguno;Ninguno;0
50226;Cumaral;50;Meta;Piedemonte;1;1;0;0;Ninguno;Ninguno;0
50245;El Calvario;50;Meta;Piedemonte;1;1;0;0;Ninguno;Ninguno;0
50251;El Castillo;50;Meta;Ariari;1;1;0;0;Ninguno;Oferta;0
50270;El Dorado;50;Meta;Ariari;1;1;0;0;Ninguno;Ninguno;0
50287;Fuente De Oro;50;Meta;Ariari;1;1;0;0;Ninguno;Oferta;0
50313;Granada;50;Meta;Ariari;1;1;0;0;Ninguno;Oferta;1
50318;Guamal;50;Meta;Piedemonte;1;1;0;0;Ninguno;Ninguno;0
50325;Mapiripán;50;Meta;Ariari;1;1;0;0;Ninguno;Ninguno;0
50330;Mesetas;50;Meta;Ariari;1;1;0;0;Ninguno;Ninguno;0
50350;La Macarena;50;Meta;Ariari;1;1;0;0;Ninguno;Ninguno;0
50370;Uribe;50;Meta;Ariari;1;1;0;0;Ninguno;Ninguno;0
50400;Lejanías;50;Meta;Ariari;1;1;0;0;Ninguno;Oferta;0
50450;Puerto Concordia;50;Meta;Ariari;1;1;0;0;Ninguno;Ninguno;0
50568;Puerto Gaitán;50;Meta;Rio Meta;1;1;0;0;Ninguno;Oferta;1
50573;Puerto López;50;Meta;Rio Meta;1;1;0;0;Ninguno;Oferta;0
50577;Puerto Lleras;50;Meta;Ariari;1;1;0;0;Ninguno;Ninguno;0
50590;Puerto Rico;50;Meta;Ariari;1;1;0;0;Ninguno;Oferta;0
50606;Restrepo;50;Meta;Piedemonte;1;1;0;0;Ninguno;Ninguno;0
50680;San Carlos De Guaroa;50;Meta;Piedemonte;1;1;0;0;Ninguno;Ninguno;0
50683;San Juan De Arama;50;Meta;Ariari;1;1;0;0;Ninguno;Ninguno;0
50686;San Juanito;50;Meta;Piedemonte;1;1;0;0;Ninguno;Ninguno;0
50689;San Martín;50;Meta;Piedemonte;1;1;0;0;Ninguno;Oferta;0
50711;Vistahermosa;50;Meta;Ariari;1;1;0;0;Ninguno;Ninguno;0
52001;Pasto;52;Nariño;Centro;0;0;0;0;Ninguno;Ninguno;0
52019;Alban;52;Nariño;Norte;0;0;0;0;Ninguno;Ninguno;0
52022;Aldana;52;Nariño;Sur;0;0;0;0;Ninguno;Ninguno;0
52036;Ancuya;52;Nariño;Centro Occidente;0;0;0;0;Ninguno;Ninguno;0
52051;Arboleda;52;Nariño;Norte;0;0;0;0;Ninguno;Ninguno;0
52079;Barbacoas;52;Nariño;Costa;0;0;0;0;Ninguno;Ninguno;0
52083;Belen;52;Nariño;Norte;0;0;0;0;Ninguno;Ninguno;0
52110;Buesaco;52;Nariño;Norte;0;0;0;0;Ninguno;Ninguno;0
52203;Colon;52;Nariño;Norte;0;0;0;0;Ninguno;Ninguno;0
52207;Consaca;52;Nariño;Centro;0;0;0;0;Ninguno;Ninguno;0
52210;Contadero;52;Nariño;Sur;0;0;0;0;Ninguno;Ninguno;0
52215;Córdoba;52;Nariño;Sur;0;0;0;0;Ninguno;Ninguno;0
52224;Cuaspud;52;Nariño;Sur;0;0;0;0;Ninguno;Ninguno;0
52227;Cumbal;52;Nariño;Sur;0;0;0;0;Ninguno;Ninguno;0
52233;Cumbitara;52;Nariño;Norte;0;0;0;0;Ninguno;Ninguno;0
52240;Chachagui;52;Nariño;Centro;0;0;0;0;Ninguno;Ninguno;0
52250;El Charco;52;Nariño;Costa;0;0;0;0;Ninguno;Ninguno;0
52254;El Peñol;52;Nariño;Centro;0;0;0;0;Ninguno;Ninguno;0
52256;El Rosario;52;Nariño;Norte;0;0;0;0;Ninguno;Ninguno;0
52258;El Tablon De Gomez;52;Nariño;Norte;0;0;0;0;Ninguno;Ninguno;0
52260;El Tambo;52;Nariño;Centro;0;0;0;0;Ninguno;Ninguno;0
52287;Funes;52;Nariño;Sur;0;0;0;0;Ninguno;Ninguno;0
52317;Guachucal;52;Nariño;Sur;0;0;0;0;Ninguno;Ninguno;0
52320;Guaitarilla;52;Nariño;Centro Occidente;0;0;0;0;Ninguno;Ninguno;0
52323;Gualmatan;52;Nariño;Sur;0;0;0;0;Ninguno;Ninguno;0
52352;Iles;52;Nariño;Sur;0;0;0;0;Ninguno;Ninguno;0
52354;Imues;52;Nariño;Sur;0;0;0;0;Ninguno;Ninguno;0
52356;Ipiales;52;Nariño;Sur;0;0;0;0;Ninguno;Ninguno;0
52378;La Cruz;52;Nariño;Norte;0;0;0;0;Ninguno;Ninguno;0
52381;La Florida;52;Nariño;Centro;0;0;0;0;Ninguno;Ninguno;0
52385;La Llanada;52;Nariño;Centro Occidente;0;0;0;0;Ninguno;Ninguno;0
52390;La Tola;52;Nariño;Costa;0;0;0;0;Ninguno;Ninguno;0
52399;La Union;52;Nariño;Norte;0;0;0;0;Ninguno;Ninguno;0
52405;Leiva;52;Nariño;Norte;0;0;0;0;Ninguno;Ninguno;0
52411;Linares;52;Nariño;Centro Occidente;0;0;0;0;Ninguno;Ninguno;0
52418;Los Andes;52;Nariño;Centro Occidente;0;0;0;0;Ninguno;Ninguno;0
52427;Magui;52;Nariño;Costa;0;0;0;0;Ninguno;Ninguno;0
52435;Mallama;52;Nariño;Centro Occidente;0;0;0;0;Ninguno;Ninguno;0
52473;Mosquera;52;Nariño;Costa;0;0;0;0;Ninguno;Ninguno;0
52480;Nariño;52;Nariño;Centro;0;0;0;0;Ninguno;Ninguno;0
52490;Olaya Herrera;52;Nariño;Costa;0;0;0;0;Ninguno;Ninguno;0
52506;Ospina;52;Nariño;Centro Occidente;0;0;0;0;Ninguno;Ninguno;0
52520;Francisco Pizarro;52;Nariño;Costa;0;0;0;0;Ninguno;Ninguno;0
52540;Policarpa;52;Nariño;Norte;0;0;0;0;Ninguno;Ninguno;0
52560;Potosí;52;Nariño;Sur;0;0;0;0;Ninguno;Ninguno;0
52565;Providencia;52;Nariño;Centro Occidente;0;0;0;0;Ninguno;Ninguno;0
52573;Puerres;52;Nariño;Sur;0;0;0;0;Ninguno;Ninguno;0
52585;Pupiales;52;Nariño;Sur;0;0;0;0;Ninguno;Ninguno;0
52612;Ricaurte;52;Nariño;Centro Occidente;0;0;0;0;Ninguno;Ninguno;0
52621;Roberto Payan;52;Nariño;Costa;0;0;0;0;Ninguno;Ninguno;0
52678;Samaniego;52;Nariño;Centro Occidente;0;0;0;0;Ninguno;Ninguno;0
52683;Sandoná;52;Nariño;Centro;0;0;0;0;Ninguno;Ninguno;0
52685;San Bernardo;52;Nariño;Norte;0;0;0;0;Ninguno;Ninguno;0
52687;San Lorenzo;52;Nariño;Norte;0;0;0;0;Ninguno;Ninguno;0
52693;San Pablo;52;Nariño;Norte;0;0;0;0;Ninguno;Ninguno;0
52694;San Pedro De Cartago;52;Nariño;Norte;0;0;0;0;Ninguno;Ninguno;0
52696;Santa Barbara;52;Nariño;Costa;0;0;0;0;Ninguno;Ninguno;0
52699;Santa Cruz;52;Nariño;Centro Occidente;0;0;0;0;Ninguno;Ninguno;0
52720;Sapuyes;52;Nariño;Centro Occidente;0;0;0;0;Ninguno;Ninguno;0
52786;Taminango;52;Nariño;Norte;0;0;0;0;Ninguno;Ninguno;0
52788;Tangua;52;Nariño;Centro;0;0;0;0;Ninguno;Ninguno;0
52835;Tumaco;52;Nariño;Costa;0;0;0;0;Ninguno;Ninguno;0
52838;Tuquerres;52;Nariño;Centro Occidente;0;0;0;0;Ninguno;Ninguno;0
52885;Yacuanquer;52;Nariño;Centro;0;0;0;0;Ninguno;Ninguno;0
54001;Cúcuta;54;Norte De Santander;Oriental;0;0;0;0;Ninguno;Ninguno;0
54003;Abrego;54;Norte De Santander;Occidente;0;0;0;0;Ninguno;Ninguno;0
54051;Arboledas;54;Norte De Santander;Centro;0;0;0;0;Ninguno;Ninguno;0
54099;Bochalema;54;Norte De Santander;Sur Oriente;0;0;0;0;Ninguno;Ninguno;0
54109;Bucarasica;54;Norte De Santander;Norte;0;0;0;0;Ninguno;Ninguno;0
54125;Cácota;54;Norte De Santander;Sur Occidente;0;0;0;0;Ninguno;Ninguno;0
54128;Cachirá;54;Norte De Santander;Occidente;0;0;0;0;Ninguno;Ninguno;0
54172;Chinácota;54;Norte De Santander;Sur Oriente;0;0;0;0;Ninguno;Ninguno;0
54174;Chitagá;54;Norte De Santander;Sur Occidente;0;0;0;0;Ninguno;Ninguno;0
54206;Convención;54;Norte De Santander;Occidente;0;0;0;0;Ninguno;Ninguno;0
54223;Cucutilla;54;Norte De Santander;Centro;0;0;0;0;Ninguno;Ninguno;0
54239;Durania;54;Norte De Santander;Sur Oriente;0;0;0;0;Ninguno;Ninguno;0
54245;El Carmen;54;Norte De Santander;Occidente;0;0;0;0;Ninguno;Ninguno;0
54250;El Tarra;54;Norte De Santander;Norte;0;0;0;0;Ninguno;Ninguno;0
54261;El Zulia;54;Norte De Santander;Oriental;0;0;0;0;Ninguno;Ninguno;0
54313;Gramalote;54;Norte De Santander;Centro;0;0;0;0;Ninguno;Ninguno;0
54344;Hacarí;54;Norte De Santander;Occidente;0;0;0;0;Ninguno;Ninguno;0
54347;Herrán;54;Norte De Santander;Sur Oriente;0;0;0;0;Ninguno;Ninguno;0
54377;Labateca;54;Norte De Santander;Sur Oriente;0;0;0;0;Ninguno;Ninguno;0
54385;La Esperanza;54;Norte De Santander;Occidente;0;0;0;0;Ninguno;Ninguno;0
54398;La Playa;54;Norte De Santander;Occidente;0;0;0;0;Ninguno;Ninguno;0
54405;Los Patios;54;Norte De Santander;Oriental;0;0;0;0;Ninguno;Ninguno;0
54418;Lourdes;54;Norte De Santander;Centro;0;0;0;0;Ninguno;Ninguno;0
54480;Mutiscua;54;Norte De Santander;Sur Occidente;0;0;0;0;Ninguno;Ninguno;0
54498;Ocaña;54;Norte De Santander;Occidente;0;0;0;0;Ninguno;Ninguno;0
54518;Pamplona;54;Norte De Santander;Sur Occidente;0;0;0;0;Ninguno;Ninguno;0
54520;Pamplonita;54;Norte De Santander;Sur Occidente;0;0;0;0;Ninguno;Ninguno;0
54553;Puerto Santander;54;Norte De Santander;Oriental;0;0;0;0;Ninguno;Ninguno;0
54599;Ragonvalia;54;Norte De Santander;Sur Oriente;0;0;0;0;Ninguno;Ninguno;0
54660;Salazar;54;Norte De Santander;Centro;0;0;0;0;Ninguno;Ninguno;0
54670;San Calixto;54;Norte De Santander;Occidente;0;0;0;0;Ninguno;Ninguno;0
54673;San Cayetano;54;Norte De Santander;Oriental;0;0;0;0;Ninguno;Ninguno;0
54680;Santiago;54;Norte De Santander;Centro;0;0;0;0;Ninguno;Ninguno;0
54720;Sardinata;54;Norte De Santander;Norte;0;0;0;0;Ninguno;Ninguno;0
54743;Silos;54;Norte De Santander;Sur Occidente;0;0;0;0;Ninguno;Ninguno;0
54800;Teorama;54;Norte De Santander;Occidente;0;0;0;0;Ninguno;Ninguno;0
54810;Tibú;54;Norte De Santander;Norte;0;0;0;0;Ninguno;Ninguno;0
54820;Toledo;54;Norte De Santander;Sur Oriente;0;0;0;0;Ninguno;Ninguno;0
54871;Villa Caro;54;Norte De Santander;Centro;0;0;0;0;Ninguno;Ninguno;0
54874;Villa Del Rosario;54;Norte De Santander;Oriental;0;0;0;0;Ninguno;Ninguno;0
63001;Armenia;63;Quindio;Capital;0;0;0;0;Ninguno;Ninguno;0
63111;Buenavista;63;Quindio;Capital;0;0;0;0;Ninguno;Ninguno;0
63130;Calarca;63;Quindio;Capital;0;0;0;0;Ninguno;Ninguno;0
63190;Circasia;63;Quindio;Norte;0;0;0;0;Ninguno;Ninguno;0
63212;Cordoba;63;Quindio;Cordilleranos;0;0;0;0;Ninguno;Ninguno;0
63272;Filandia;63;Quindio;Fria;0;0;0;0;Ninguno;Ninguno;0
63302;Genova;63;Quindio;Cordilleranos;0;0;0;0;Ninguno;Ninguno;0
63401;La Tebaida;63;Quindio;Valle;0;0;0;0;Ninguno;Ninguno;0
63470;Montengro;63;Quindio;Valle;0;0;0;0;Ninguno;Ninguno;0
63548;Pijao;63;Quindio;Cordilleranos;0;0;0;0;Ninguno;Ninguno;0
63594;Quimbaya;63;Quindio;Valle;0;0;0;0;Ninguno;Ninguno;0
63690;Salento;63;Quindio;Fria;0;0;0;0;Ninguno;Ninguno;0
66001;Pereira;66;Risaralda;Uno - Vertiente Oriental;0;0;0;0;Ninguno;Ninguno;0
66045;Apía;66;Risaralda;Dos - Vertiente Occidental;0;0;0;0;Ninguno;Ninguno;0
66075;Balboa;66;Risaralda;Dos - Vertiente Occidental;0;0;0;0;Ninguno;Ninguno;0
66088;Belén De Umbría;66;Risaralda;Dos - Vertiente Occidental;0;0;0;0;Ninguno;Ninguno;0
66170;Dosquebradas;66;Risaralda;Uno - Vertiente Oriental;0;0;0;0;Ninguno;Ninguno;0
66318;Guática;66;Risaralda;Dos - Vertiente Occidental;0;0;0;0;Ninguno;Ninguno;0
66383;La Celia;66;Risaralda;Dos - Vertiente Occidental;0;0;0;0;Ninguno;Ninguno;0
66400;La Virginia;66;Risaralda;Uno - Vertiente Oriental;0;0;0;0;Ninguno;Ninguno;0
66440;Marsella;66;Risaralda;Uno - Vertiente Oriental;0;0;0;0;Ninguno;Ninguno;0
66456;Mistrató;66;Risaralda;Tres - Vertiente Del Pacifico;0;0;0;0;Ninguno;Ninguno;0
66572;Pueblo Rico;66;Risaralda;Tres - Vertiente Del Pacifico;0;0;0;0;Ninguno;Ninguno;0
66594;Quinchia;66;Risaralda;Dos - Vertiente Occidental;0;0;0;0;Ninguno;Ninguno;0
66682;Santa Rosa De Cabal;66;Risaralda;Uno - Vertiente Oriental;0;0;0;0;Ninguno;Ninguno;0
66687;Santuario;66;Risaralda;Dos - Vertiente Occidental;0;0;0;0;Ninguno;Ninguno;0
68001;Bucaramanga;68;Santander;Soto;0;0;0;0;Ninguno;Ninguno;0
68013;Aguada;68;Santander;Velez;0;0;0;0;Ninguno;Ninguno;0
68020;Albania;68;Santander;Velez;0;0;0;0;Ninguno;Ninguno;0
68051;Aratoca;68;Santander;Guanenta;0;0;0;0;Ninguno;Ninguno;0
68077;Barbosa;68;Santander;Velez;0;0;0;0;Ninguno;Ninguno;0
68079;Barichara;68;Santander;Guanenta;0;0;0;0;Ninguno;Ninguno;0
68081;Barrancabermeja;68;Santander;Mares;0;0;0;0;Ninguno;Ninguno;0
68092;Betulia;68;Santander;Mares;0;0;0;0;Ninguno;Ninguno;0
68101;Bolívar;68;Santander;Velez;0;0;0;0;Ninguno;Ninguno;0
68121;Cabrera;68;Santander;Guanenta;0;0;0;0;Ninguno;Ninguno;0
68132;California;68;Santander;Soto;0;0;0;0;Ninguno;Ninguno;0
68147;Capitanejo;68;Santander;Garcia Rovira;0;0;0;0;Ninguno;Ninguno;0
68152;Carcasí;68;Santander;Garcia Rovira;0;0;0;0;Ninguno;Ninguno;0
68160;Cepitá;68;Santander;Garcia Rovira;0;0;0;0;Ninguno;Ninguno;0
68162;Cerrito;68;Santander;Garcia Rovira;0;0;0;0;Ninguno;Ninguno;0
68167;Charalá;68;Santander;Guanenta;0;0;0;0;Ninguno;Ninguno;0
68169;Charta;68;Santander;Soto;0;0;0;0;Ninguno;Ninguno;0
68176;Chima;68;Santander;Comunera;0;0;0;0;Ninguno;Ninguno;0
68179;Chipatá;68;Santander;Velez;0;0;0;0;Ninguno;Ninguno;0
68190;Cimitarra;68;Santander;Velez;0;0;0;0;Ninguno;Ninguno;0
68207;Concepción;68;Santander;Garcia Rovira;0;0;0;0;Ninguno;Ninguno;0
68209;Confines;68;Santander;Comunera;0;0;0;0;Ninguno;Ninguno;0
68211;Contratación;68;Santander;Comunera;0;0;0;0;Ninguno;Ninguno;0
68217;Coromoro;68;Santander;Guanenta;0;0;0;0;Ninguno;Ninguno;0
68229;Curití;68;Santander;Guanenta;0;0;0;0;Ninguno;Ninguno;0
68235;El Carmen De Chucurí;68;Santander;Mares;0;0;0;0;Ninguno;Ninguno;0
68245;El Guacamayo;68;Santander;Comunera;0;0;0;0;Ninguno;Ninguno;0
68250;El Peñón;68;Santander;Velez;0;0;0;0;Ninguno;Ninguno;0
68255;El Playón;68;Santander;Soto;0;0;0;0;Ninguno;Ninguno;0
68264;Encino;68;Santander;Guanenta;0;0;0;0;Ninguno;Ninguno;0
68266;Enciso;68;Santander;Garcia Rovira;0;0;0;0;Ninguno;Ninguno;0
68271;Florián;68;Santander;Velez;0;0;0;0;Ninguno;Ninguno;0
68276;Floridablanca;68;Santander;Soto;0;0;0;0;Ninguno;Ninguno;0
68296;Galán;68;Santander;Comunera;0;0;0;0;Ninguno;Ninguno;0
68298;Gambita;68;Santander;Comunera;0;0;0;0;Ninguno;Ninguno;0
68307;Girón;68;Santander;Soto;0;0;0;0;Ninguno;Ninguno;0
68318;Guaca;68;Santander;Garcia Rovira;0;0;0;0;Ninguno;Ninguno;0
68320;Guadalupe;68;Santander;Comunera;0;0;0;0;Ninguno;Ninguno;0
68322;Guapotá;68;Santander;Comunera;0;0;0;0;Ninguno;Ninguno;0
68324;Guavatá;68;Santander;Velez;0;0;0;0;Ninguno;Ninguno;0
68327;Guepsa;68;Santander;Velez;0;0;0;0;Ninguno;Ninguno;0
68344;Hato;68;Santander;Comunera;0;0;0;0;Ninguno;Ninguno;0
68368;Jesús María;68;Santander;Velez;0;0;0;0;Ninguno;Ninguno;0
68370;Jordán;68;Santander;Guanenta;0;0;0;0;Ninguno;Ninguno;0
68377;La Belleza;68;Santander;Velez;0;0;0;0;Ninguno;Ninguno;0
68385;Landázuri;68;Santander;Velez;0;0;0;0;Ninguno;Ninguno;0
68397;La Paz;68;Santander;Velez;0;0;0;0;Ninguno;Ninguno;0
68406;Lebríja;68;Santander;Soto;0;0;0;0;Ninguno;Ninguno;0
68418;Los Santos;68;Santander;Soto;0;0;0;0;Ninguno;Ninguno;0
68425;Macaravita;68;Santander;Garcia Rovira;0;0;0;0;Ninguno;Ninguno;0
68432;Málaga;68;Santander;Garcia Rovira;0;0;0;0;Ninguno;Ninguno;0
68444;Matanza;68;Santander;Soto;0;0;0;0;Ninguno;Ninguno;0
68464;Mogotes;68;Santander;Guanenta;0;0;0;0;Ninguno;Ninguno;0
68468;Molagavita;68;Santander;Garcia Rovira;0;0;0;0;Ninguno;Ninguno;0
68498;Ocamonte;68;Santander;Guanenta;0;0;0;0;Ninguno;Ninguno;0
68500;Oiba;68;Santander;Comunera;0;0;0;0;Ninguno;Ninguno;0
68502;Onzaga;68;Santander;Guanenta;0;0;0;0;Ninguno;Ninguno;0
68522;Palmar;68;Santander;Comunera;0;0;0;0;Ninguno;Ninguno;0
68524;Palmas Del Socorro;68;Santander;Comunera;0;0;0;0;Ninguno;Ninguno;0
68533;Páramo;68;Santander;Guanenta;0;0;0;0;Ninguno;Ninguno;0
68547;Piedecuesta;68;Santander;Soto;0;0;0;0;Ninguno;Ninguno;0
68549;Pinchote;68;Santander;Guanenta;0;0;0;0;Ninguno;Ninguno;0
68572;Puente Nacional;68;Santander;Velez;0;0;0;0;Ninguno;Ninguno;0
68573;Puerto Parra;68;Santander;Velez;0;0;0;0;Ninguno;Ninguno;0
68575;Puerto Wilches;68;Santander;Mares;0;0;0;0;Ninguno;Ninguno;0
68615;Rionegro;68;Santander;Soto;0;0;0;0;Ninguno;Ninguno;0
68655;Sabana De Torres;68;Santander;Mares;0;0;0;0;Ninguno;Ninguno;0
68669;San Andrés;68;Santander;Garcia Rovira;0;0;0;0;Ninguno;Ninguno;0
68673;San Benito;68;Santander;Velez;0;0;0;0;Ninguno;Ninguno;0
68679;San Gil;68;Santander;Guanenta;0;0;0;0;Ninguno;Ninguno;0
68682;San Joaquín;68;Santander;Guanenta;0;0;0;0;Ninguno;Ninguno;0
68684;San José De Miranda;68;Santander;Garcia Rovira;0;0;0;0;Ninguno;Ninguno;0
68686;San Miguel;68;Santander;Garcia Rovira;0;0;0;0;Ninguno;Ninguno;0
68689;San Vicente De Chucurí;68;Santander;Mares;0;0;0;0;Ninguno;Ninguno;0
68705;Santa Bárbara;68;Santander;Soto;0;0;0;0;Ninguno;Ninguno;0
68720;Santa Helena Del Opón;68;Santander;Comunera;0;0;0;0;Ninguno;Ninguno;0
68745;Simacota;68;Santander;Comunera;0;0;0;0;Ninguno;Ninguno;0
68755;Socorro;68;Santander;Comunera;0;0;0;0;Ninguno;Ninguno;0
68770;Suaita;68;Santander;Comunera;0;0;0;0;Ninguno;Ninguno;0
68773;Sucre;68;Santander;Velez;0;0;0;0;Ninguno;Ninguno;0
68780;Surata;68;Santander;Soto;0;0;0;0;Ninguno;Ninguno;0
68820;Tona;68;Santander;Soto;0;0;0;0;Ninguno;Ninguno;0
68855;Valle De San José;68;Santander;Guanenta;0;0;0;0;Ninguno;Ninguno;0
68861;Vélez;68;Santander;Velez;0;0;0;0;Ninguno;Ninguno;0
68867;Vetas;68;Santander;Soto;0;0;0;0;Ninguno;Ninguno;0
68872;Villanueva;68;Santander;Guanenta;0;0;0;0;Ninguno;Ninguno;0
68895;Zapatoca;68;Santander;Mares;0;0;0;0;Ninguno;Ninguno;0
70001;Sincelejo;70;Sucre;Montes De Maria;0;0;0;0;Ninguno;Ninguno;0
70110;Buenavista;70;Sucre;Sabanas;0;0;0;0;Ninguno;Ninguno;0
70124;Caimito;70;Sucre;San Jorge;0;0;0;0;Ninguno;Ninguno;0
70204;Coloso;70;Sucre;Montes De Maria;0;0;0;0;Ninguno;Ninguno;0
70215;Corozal;70;Sucre;Sabanas;0;0;0;0;Ninguno;Ninguno;0
70221;Coveñas;70;Sucre;Morrosquillo;0;0;0;0;Ninguno;Ninguno;0
70230;Chalán;70;Sucre;Montes De Maria;0;0;0;0;Ninguno;Ninguno;0
70233;El Roble;70;Sucre;Sabanas;0;0;0;0;Ninguno;Ninguno;0
70235;Galeras;70;Sucre;Sabanas;0;0;0;0;Ninguno;Ninguno;0
70265;Guaranda;70;Sucre;Mojana;0;0;0;0;Ninguno;Ninguno;0
70400;La Unión;70;Sucre;San Jorge;0;0;0;0;Ninguno;Ninguno;0
70418;Los Palmitos;70;Sucre;Sabanas;0;0;0;0;Ninguno;Ninguno;0
70429;Majagual;70;Sucre;Mojana;0;0;0;0;Ninguno;Ninguno;0
70473;Morroa;70;Sucre;Montes De Maria;0;0;0;0;Ninguno;Ninguno;0
70508;Ovejas;70;Sucre;Montes De Maria;0;0;0;0;Ninguno;Ninguno;0
70523;Palmito;70;Sucre;Morrosquillo;0;0;0;0;Ninguno;Ninguno;0
70670;Sampués;70;Sucre;Sabanas;0;0;0;0;Ninguno;Ninguno;0
70678;San Benito Abad;70;Sucre;San Jorge;0;0;0;0;Ninguno;Ninguno;0
70702;San Juan Betulia;70;Sucre;Sabanas;0;0;0;0;Ninguno;Ninguno;0
70708;San Marcos;70;Sucre;San Jorge;0;0;0;0;Ninguno;Ninguno;0
70713;San Onofre;70;Sucre;Morrosquillo;0;0;0;0;Ninguno;Ninguno;0
70717;San Pedro;70;Sucre;Sabanas;0;0;0;0;Ninguno;Ninguno;0
70742;Sincé;70;Sucre;Sabanas;0;0;0;0;Ninguno;Ninguno;0
70771;Sucre;70;Sucre;Mojana;0;0;0;0;Ninguno;Ninguno;0
70820;Santiago De Tolú;70;Sucre;Morrosquillo;0;0;0;0;Ninguno;Ninguno;0
70823;Tolú Viejo;70;Sucre;Morrosquillo;0;0;0;0;Ninguno;Ninguno;0
73001;Ibagué;73;Tolima;Ibague;1;1;0;0;Ninguno;Oferta;1
73024;Alpujarra;73;Tolima;Suroriente;1;1;0;0;Ninguno;Ninguno;0
73026;Alvarado;73;Tolima;Ibague;1;1;0;0;Ninguno;Ninguno;0
73030;Ambalema;73;Tolima;Norte;1;1;0;0;Ninguno;Ninguno;0
73043;Anzoátegui;73;Tolima;Ibague;1;1;0;0;Ninguno;Ninguno;0
73055;Armero;73;Tolima;Norte;1;1;0;0;Ninguno;Ninguno;0
73067;Ataco;73;Tolima;Sur;1;1;0;0;Ninguno;Ninguno;0
73124;Cajamarca;73;Tolima;Ibague;1;1;0;0;Ninguno;Oferta;0
73148;Carmen De Apicalá;73;Tolima;Oriente;1;1;0;0;Ninguno;Ninguno;0
73152;Casabianca;73;Tolima;Nevados;1;1;0;0;Ninguno;Ninguno;0
73168;Chaparral;73;Tolima;Sur;1;1;0;0;Ninguno;Ninguno;0
73200;Coello;73;Tolima;Ibague;1;1;0;0;Ninguno;Ninguno;0
73217;Coyaima;73;Tolima;Sur;1;1;0;0;Ninguno;Ninguno;0
73226;Cunday;73;Tolima;Oriente;1;1;0;0;Ninguno;Ninguno;0
73236;Dolores;73;Tolima;Suroriente;1;1;0;0;Ninguno;Ninguno;0
73268;Espinal;73;Tolima;Ibague;1;1;0;0;Ninguno;Oferta;1
73270;Falan;73;Tolima;Norte;1;1;0;0;Ninguno;Ninguno;0
73275;Flandes;73;Tolima;Ibague;1;1;0;0;Ninguno;Ninguno;0
73283;Fresno;73;Tolima;Norte;1;1;0;0;Ninguno;Ninguno;0
73319;Guamo;73;Tolima;Suroriente;1;1;0;0;Ninguno;Ninguno;0
73347;Herveo;73;Tolima;Nevados;1;1;0;0;Ninguno;Ninguno;0
73349;Honda;73;Tolima;Norte;1;1;0;0;Ninguno;Ninguno;0
73352;Icononzo;73;Tolima;Oriente;1;1;0;0;Ninguno;Ninguno;0
73408;Lérida;73;Tolima;Nevados;1;1;0;0;Ninguno;Ninguno;0
73411;Líbano;73;Tolima;Nevados;1;1;0;0;Ninguno;Ninguno;0
73443;Mariquita;73;Tolima;Norte;1;1;0;0;Ninguno;Oferta;1
73449;Melgar;73;Tolima;Oriente;1;1;0;0;Ninguno;Ninguno;0
73461;Murillo;73;Tolima;Nevados;1;1;0;0;Ninguno;Ninguno;0
73483;Natagaima;73;Tolima;Sur;1;1;0;0;Ninguno;Ninguno;0
73504;Ortega;73;Tolima;Sur;1;1;0;0;Ninguno;Ninguno;0
73520;Palocabildo;73;Tolima;Norte;1;1;0;0;Ninguno;Ninguno;0
73547;Piedras;73;Tolima;Ibague;1;1;0;0;Ninguno;Ninguno;0
73555;Planadas;73;Tolima;Sur;1;1;0;0;Ninguno;Ninguno;0
73563;Prado;73;Tolima;Suroriente;1;1;0;0;Ninguno;Ninguno;0
73585;Purificación;73;Tolima;Suroriente;1;1;0;0;Ninguno;Ninguno;0
73616;Rioblanco;73;Tolima;Sur;1;1;0;0;Ninguno;Ninguno;0
73622;Roncesvalles;73;Tolima;Sur;1;1;0;0;Ninguno;Ninguno;0
73624;Rovira;73;Tolima;Ibague;1;1;0;0;Ninguno;Ninguno;0
73671;Saldaña;73;Tolima;Suroriente;1;1;0;0;Ninguno;Ninguno;0
73675;San Antonio;73;Tolima;Sur;1;1;0;0;Ninguno;Ninguno;0
73678;San Luis;73;Tolima;Ibague;1;1;0;0;Ninguno;Ninguno;0
73686;Santa Isabel;73;Tolima;Nevados;1;1;0;0;Ninguno;Ninguno;0
73770;Suárez;73;Tolima;Suroriente;1;1;0;0;Ninguno;Ninguno;0
73854;Valle De San Juan;73;Tolima;Ibague;1;1;0;0;Ninguno;Ninguno;0
73861;Venadillo;73;Tolima;Nevados;1;1;0;0;Ninguno;Ninguno;0
73870;Villahermosa;73;Tolima;Nevados;1;1;0;0;Ninguno;Ninguno;0
73873;Villarrica;73;Tolima;Oriente;1;1;0;0;Ninguno;Ninguno;0
76001;Cali;76;Valle Del Cauca;Sur;0;0;0;0;Ninguno;Ninguno;0
76020;Alcala;76;Valle Del Cauca;Norte;0;0;0;0;Ninguno;Ninguno;0
76036;Andalucía;76;Valle Del Cauca;Centro;0;0;0;0;Ninguno;Ninguno;0
76041;Ansermanuevo;76;Valle Del Cauca;Norte;0;0;0;0;Ninguno;Ninguno;0
76054;Argelia;76;Valle Del Cauca;Norte;0;0;0;0;Ninguno;Ninguno;0
76100;Bolívar;76;Valle Del Cauca;Norte;0;0;0;0;Ninguno;Ninguno;0
76109;Buenaventura;76;Valle Del Cauca;Occidente;0;0;0;0;Ninguno;Ninguno;0
76111;Buga;76;Valle Del Cauca;Centro;0;0;0;0;Ninguno;Ninguno;0
76113;Bugalagrande;76;Valle Del Cauca;Centro;0;0;0;0;Ninguno;Ninguno;0
76122;Caicedonia;76;Valle Del Cauca;Oriente;0;0;0;0;Ninguno;Ninguno;0
76126;Calima;76;Valle Del Cauca;Centro;0;0;0;0;Ninguno;Ninguno;0
76130;Candelaria;76;Valle Del Cauca;Sur;0;0;0;0;Ninguno;Ninguno;0
76147;Cartago;76;Valle Del Cauca;Norte;0;0;0;0;Ninguno;Ninguno;0
76233;Dagua;76;Valle Del Cauca;Sur;0;0;0;0;Ninguno;Ninguno;0
76243;El Águila;76;Valle Del Cauca;Norte;0;0;0;0;Ninguno;Ninguno;0
76246;El Cairo;76;Valle Del Cauca;Norte;0;0;0;0;Ninguno;Ninguno;0
76248;El Cerrito;76;Valle Del Cauca;Centro;0;0;0;0;Ninguno;Ninguno;0
76250;El Dovio;76;Valle Del Cauca;Norte;0;0;0;0;Ninguno;Ninguno;0
76275;Florida;76;Valle Del Cauca;Sur;0;0;0;0;Ninguno;Ninguno;0
76306;Ginebra;76;Valle Del Cauca;Centro;0;0;0;0;Ninguno;Ninguno;0
76318;Guacarí;76;Valle Del Cauca;Centro;0;0;0;0;Ninguno;Ninguno;0
76364;Jamundí;76;Valle Del Cauca;Sur;0;0;0;0;Ninguno;Ninguno;0
76377;La Cumbre;76;Valle Del Cauca;Sur;0;0;0;0;Ninguno;Ninguno;0
76400;La Unión;76;Valle Del Cauca;Norte;0;0;0;0;Ninguno;Ninguno;0
76403;La Victoria;76;Valle Del Cauca;Norte;0;0;0;0;Ninguno;Ninguno;0
76497;Obando;76;Valle Del Cauca;Norte;0;0;0;0;Ninguno;Ninguno;0
76520;Palmira;76;Valle Del Cauca;Sur;0;0;0;0;Ninguno;Ninguno;0
76563;Pradera;76;Valle Del Cauca;Sur;0;0;0;0;Ninguno;Ninguno;0
76606;Restrepo;76;Valle Del Cauca;Centro;0;0;0;0;Ninguno;Ninguno;0
76616;Riofrio;76;Valle Del Cauca;Centro;0;0;0;0;Ninguno;Ninguno;0
76622;Roldanillo;76;Valle Del Cauca;Norte;0;0;0;0;Ninguno;Ninguno;0
76670;San Pedro;76;Valle Del Cauca;Centro;0;0;0;0;Ninguno;Ninguno;0
76736;Sevilla;76;Valle Del Cauca;Oriente;0;0;0;0;Ninguno;Ninguno;0
76823;Toro;76;Valle Del Cauca;Norte;0;0;0;0;Ninguno;Ninguno;0
76828;Trujillo;76;Valle Del Cauca;Centro;0;0;0;0;Ninguno;Ninguno;0
76834;Tuluá;76;Valle Del Cauca;Centro;0;0;0;0;Ninguno;Ninguno;0
76845;Ulloa;76;Valle Del Cauca;Norte;0;0;0;0;Ninguno;Ninguno;0
76863;Versalles;76;Valle Del Cauca;Norte;0;0;0;0;Ninguno;Ninguno;0
76869;Vijes;76;Valle Del Cauca;Sur;0;0;0;0;Ninguno;Ninguno;0
76890;Yotoco;76;Valle Del Cauca;Centro;0;0;0;0;Ninguno;Ninguno;0
76892;Yumbo;76;Valle Del Cauca;Sur;0;0;0;0;Ninguno;Ninguno;0
76895;Zarzal;76;Valle Del Cauca;Norte;0;0;0;0;Ninguno;Ninguno;0
81001;Arauca;81;Arauca;Arauca;0;0;0;0;Ninguno;Ninguno;0
81065;Arauquita;81;Arauca;Arauca;0;0;0;0;Ninguno;Ninguno;0
81220;Cravo Norte;81;Arauca;Arauca;0;0;0;0;Ninguno;Ninguno;0
81300;Fortul;81;Arauca;Arauca;0;0;0;0;Ninguno;Ninguno;0
81591;Puerto Rondón;81;Arauca;Arauca;0;0;0;0;Ninguno;Ninguno;0
81736;Saravena;81;Arauca;Arauca;0;0;0;0;Ninguno;Ninguno;0
81794;Tame;81;Arauca;Arauca;0;0;0;0;Ninguno;Ninguno;0
85001;Yopal;85;Casanare;Casanare;0;0;0;0;Ninguno;Ninguno;0
85010;Aguazul;85;Casanare;Casanare;0;0;0;0;Ninguno;Ninguno;0
85015;Chameza;85;Casanare;Casanare;0;0;0;0;Ninguno;Ninguno;0
85125;Hato Corozal;85;Casanare;Casanare;0;0;0;0;Ninguno;Ninguno;0
85136;La Salina;85;Casanare;Casanare;0;0;0;0;Ninguno;Ninguno;0
85139;Maní;85;Casanare;Casanare;0;0;0;0;Ninguno;Ninguno;0
85162;Monterrey;85;Casanare;Casanare;0;0;0;0;Ninguno;Ninguno;0
85225;Nunchía;85;Casanare;Casanare;0;0;0;0;Ninguno;Ninguno;0
85230;Orocué;85;Casanare;Casanare;0;0;0;0;Ninguno;Ninguno;0
85250;Paz De Ariporo;85;Casanare;Casanare;0;0;0;0;Ninguno;Ninguno;0
85263;Pore;85;Casanare;Casanare;0;0;0;0;Ninguno;Ninguno;0
85279;Recetor;85;Casanare;Casanare;0;0;0;0;Ninguno;Ninguno;0
85300;Sabanalarga;85;Casanare;Casanare;0;0;0;0;Ninguno;Ninguno;0
85315;Sácama;85;Casanare;Casanare;0;0;0;0;Ninguno;Ninguno;0
85325;San Luis De Palenque;85;Casanare;Casanare;0;0;0;0;Ninguno;Ninguno;0
85400;Támara;85;Casanare;Casanare;0;0;0;0;Ninguno;Ninguno;0
85410;Tauramena;85;Casanare;Casanare;0;0;0;0;Ninguno;Ninguno;0
85430;Trinidad;85;Casanare;Casanare;0;0;0;0;Ninguno;Ninguno;0
85440;Villanueva;85;Casanare;Casanare;0;0;0;0;Ninguno;Ninguno;0
86001;Mocoa;86;Putumayo;Putumayo;0;0;0;0;Ninguno;Ninguno;0
86219;Colón;86;Putumayo;Putumayo;0;0;0;0;Ninguno;Ninguno;0
86320;Orito;86;Putumayo;Putumayo;0;0;0;0;Ninguno;Ninguno;0
86568;Puerto Asis;86;Putumayo;Putumayo;0;0;0;0;Ninguno;Ninguno;0
86569;Puerto Caicedo;86;Putumayo;Putumayo;0;0;0;0;Ninguno;Ninguno;0
86571;Puerto Guzman;86;Putumayo;Putumayo;0;0;0;0;Ninguno;Ninguno;0
86573;Puerto Leguizamo;86;Putumayo;Putumayo;0;0;0;0;Ninguno;Ninguno;0
86749;Sibundoy;86;Putumayo;Putumayo;0;0;0;0;Ninguno;Ninguno;0
86755;San Francisco;86;Putumayo;Putumayo;0;0;0;0;Ninguno;Ninguno;0
86757;San Miguel;86;Putumayo;Putumayo;0;0;0;0;Ninguno;Ninguno;0
86760;Santiago;86;Putumayo;Putumayo;0;0;0;0;Ninguno;Ninguno;0
86865;Valle Del Guamuez;86;Putumayo;Putumayo;0;0;0;0;Ninguno;Ninguno;0
86885;Villa Garzon;86;Putumayo;Putumayo;0;0;0;0;Ninguno;Ninguno;0
88001;San Andres;88;Archipielago De San Andres;Archipielago De San Andres;0;0;0;0;Ninguno;Ninguno;0
88564;Providencia Y Santa Catalina;88;Archipielago De San Andres;Archipielago De San Andres;0;0;0;0;Ninguno;Ninguno;0
91001;Leticia;91;Amazonas;Amazonas;0;0;0;0;Ninguno;Ninguno;0
91263;El Encanto;91;Amazonas;Amazonas;0;0;0;0;Ninguno;Ninguno;0
91405;La Chorrera;91;Amazonas;Amazonas;0;0;0;0;Ninguno;Ninguno;0
91407;La Pedrera;91;Amazonas;Amazonas;0;0;0;0;Ninguno;Ninguno;0
91430;La Victoria;91;Amazonas;Amazonas;0;0;0;0;Ninguno;Ninguno;0
91460;Miriti - Paraná;91;Amazonas;Amazonas;0;0;0;0;Ninguno;Ninguno;0
91530;Puerto Alegria;91;Amazonas;Amazonas;0;0;0;0;Ninguno;Ninguno;0
91536;Puerto Arica;91;Amazonas;Amazonas;0;0;0;0;Ninguno;Ninguno;0
91540;Puerto Nariño;91;Amazonas;Amazonas;0;0;0;0;Ninguno;Ninguno;0
91669;Puerto Santander;91;Amazonas;Amazonas;0;0;0;0;Ninguno;Ninguno;0
91798;Tarapacá;91;Amazonas;Amazonas;0;0;0;0;Ninguno;Ninguno;0
94001;Inírida;94;Guainia;Guainia;0;0;0;0;Ninguno;Ninguno;0
94343;Barranco Mina;94;Guainia;Guainia;0;0;0;0;Ninguno;Ninguno;0
94663;Mapiripan;94;Guainia;Guainia;0;0;0;0;Ninguno;Ninguno;0
94883;San Felipe;94;Guainia;Guainia;0;0;0;0;Ninguno;Ninguno;0
94884;Puerto Colombia;94;Guainia;Guainia;0;0;0;0;Ninguno;Ninguno;0
94885;La Guadalupe;94;Guainia;Guainia;0;0;0;0;Ninguno;Ninguno;0
94886;Cacahual;94;Guainia;Guainia;0;0;0;0;Ninguno;Ninguno;0
94887;Pana Pana;94;Guainia;Guainia;0;0;0;0;Ninguno;Ninguno;0
94888;Morichal;94;Guainia;Guainia;0;0;0;0;Ninguno;Ninguno;0
95001;San José Del Guaviare;95;Guaviare;Guaviare;0;0;0;0;Ninguno;Ninguno;0
95015;Calamar;95;Guaviare;Guaviare;0;0;0;0;Ninguno;Ninguno;0
95025;El Retorno;95;Guaviare;Guaviare;0;0;0;0;Ninguno;Ninguno;0
95200;Miraflores;95;Guaviare;Guaviare;0;0;0;0;Ninguno;Ninguno;0
97001;Mitú;97;Vaupes;Vaupes;0;0;0;0;Ninguno;Ninguno;0
97161;Caruru;97;Vaupes;Vaupes;0;0;0;0;Ninguno;Ninguno;0
97511;Pacoa;97;Vaupes;Vaupes;0;0;0;0;Ninguno;Ninguno;0
97666;Taraira;97;Vaupes;Vaupes;0;0;0;0;Ninguno;Ninguno;0
97777;Papunahua;97;Vaupes;Vaupes;0;0;0;0;Ninguno;Ninguno;0
97889;Yavaraté;97;Vaupes;Vaupes;0;0;0;0;Ninguno;Ninguno;0
99001;Puerto Carreño;99;Vichada;Vichada;0;0;0;0;Ninguno;Ninguno;0
99524;La Primavera;99;Vichada;Vichada;0;0;0;0;Ninguno;Ninguno;0
99624;Santa Rosalía;99;Vichada;Vichada;0;0;0;0;Ninguno;Ninguno;0
99773;Cumaribo;99;Vichada;Vichada;0;0;0;0;Ninguno;Ninguno;0
